138	142											plano0-142.jpg															Copia del plano.					1	1	187.175.57.92	dsl-187-175-57-92-dyn.prod-infinitum.com.mx	0	1970-01-01 00:00:00	46	2014-08-04 11:32:21
132	136																															1	1	201.122.96.38	dsl-201-122-96-38-sta.prod-empresarial.com.mx	0	1970-01-01 00:00:00	25	2014-08-19 10:37:45
133	137	foto0-137.jpg	foto1-137.jpg	foto2-137.jpg	foto3-137.jpg	foto4-137.jpg	foto5-137.jpg					plano0-137.jpg					FACHADA	SALA	COCINA	BAÑO	RECAMARA	CALLE DE ACCESO SIN NOMBRE					COPIA DE PLANO					1	1	187.175.60.50	dsl-187-175-60-50-dyn.prod-infinitum.com.mx	0	1970-01-01 00:00:00	46	2014-08-01 22:44:54
423	427											plano0-427.jpg															Copia del plano					1	1	187.175.67.30	dsl-187-175-67-30-dyn.prod-infinitum.com.mx	0	1970-01-01 00:00:00	46	2014-11-10 17:28:18
251	255	foto0-255.jpg										plano0-255.jpeg																				1	1	177.233.66.134	host-177-233-66-134.static.metrored.net.mx	0	1970-01-01 00:00:00	9	2014-09-04 10:44:18
252	256																															1	1			0	1970-01-01 00:00:00	0	1970-01-01 00:00:00
421	425																															1	1			0	1970-01-01 00:00:00	0	1970-01-01 00:00:00
250	254											plano0-254.jpg															Copia del plano					1	1	187.175.68.161	dsl-187-175-68-161-dyn.prod-infinitum.com.mx	0	1970-01-01 00:00:00	46	2014-09-03 00:12:37
130	134	foto0-134.jpg	foto1-134.jpg	foto2-134.jpg	foto3-134.jpg	foto4-134.jpg	foto5-134.jpg					plano0-134.jpg					VISTA PANORAMICA DE CALLE DE ACCESO	VISTA GENERAL PORTÓN DE ACCESO  A LA SERVIDUMBRE 	VISTA GENRAL DE SERVIDUMBRE DE PASO 	VISTA INTERIOR DEL PREDIO EN ESTUDIO 	VISTA INTERIOR DEL PREDIO EN ESTUDIO	VISTA INTERIOR DEL PREDIO EN ESTUDIO 					PLANO GENERAL ANEXO EN ESCRITURA					1	1	189.133.85.195	dsl-189-133-85-195-dyn.prod-infinitum.com.mx	0	1970-01-01 00:00:00	41	2014-08-04 00:47:19
424	428	foto0-428.jpg	foto1-428.jpg	foto2-428.jpg	foto3-428.jpg	foto4-428.jpg	foto5-428.jpg					plano0-428.jpg					VISTA DEL ENTORNO		VISTA LATERAL	VISTA LATERIAL POSTERIOR	VISTA DE COLINDANCIA	VISTA FRONTAL 										1	1	189.133.80.235	dsl-189-133-80-235-dyn.prod-infinitum.com.mx	0	1970-01-01 00:00:00	41	2014-11-13 12:14:58
254	258	foto0-258.jpg	foto1-258.jpg									plano0-258.jpg					Reporte Fotográfico	Camino de su ubicación									Copia plano					1	1	177.233.66.134	host-177-233-66-134.static.metrored.net.mx	0	1970-01-01 00:00:00	9	2014-09-09 12:15:08
253	257																															1	1			0	1970-01-01 00:00:00	0	1970-01-01 00:00:00
162	166	foto0-166.jpg	foto1-166.jpg	foto2-166.jpg	foto3-166.jpg							plano0-166.jpg					Fachada	Vista lateral	Vista general.	Carretera Estatal El Bellote-Aquiles Serdan.							Copia del plano.					1	1	187.175.64.113	dsl-187-175-64-113-dyn.prod-infinitum.com.mx	0	1970-01-01 00:00:00	46	2014-08-08 17:59:56
248	252											plano0-252.jpg															Copia del plano					1	1	187.175.68.161	dsl-187-175-68-161-dyn.prod-infinitum.com.mx	0	1970-01-01 00:00:00	46	2014-09-02 20:31:16
249	253	foto0-253.jpg	foto1-253.jpg	foto2-253.jpg	foto3-253.jpg	foto4-253.jpg	foto5-253.jpg					plano0-253.jpg					Fachada	Interior	Cocina	Recámara	Patio de servicio	Calle Ignacio Comonfort										1	1	187.175.67.147	dsl-187-175-67-147-dyn.prod-infinitum.com.mx	0	1970-01-01 00:00:00	46	2014-09-03 21:13:35
126	130																															1	1			0	1970-01-01 00:00:00	0	1970-01-01 00:00:00
129	133																															1	1			0	1970-01-01 00:00:00	0	1970-01-01 00:00:00
422	426	foto0-426.jpg	foto1-426.jpg	foto2-426.jpg								plano0-426.jpg					Vista general	Vista general	Camino de acceso								Copia del plano					1	1	187.175.68.25	dsl-187-175-68-25-dyn.prod-infinitum.com.mx	0	1970-01-01 00:00:00	46	2014-11-11 14:20:59
131	135	foto0-135.jpg	foto1-135.jpg	foto2-135.jpg	foto3-135.jpg	foto4-135.jpg	foto5-135.jpg					plano0-135.jpg					VISTA GENERAL DEL ANDADOR DE ACCESO	FACHADA PRINCIPAL	SALA-COMEDOR	COCINETA	BAÑO	RECAMARA					PLANO ARQUITECTONICO					1	1	189.133.124.206	dsl-189-133-124-206-dyn.prod-infinitum.com.mx	0	1970-01-01 00:00:00	41	2014-07-31 00:14:33
127	131	foto0-131.jpg	foto1-131.jpg									plano0-131.jpg																				1	1	187.165.201.111	187-165-201-111.static.axtel.net	0	1970-01-01 00:00:00	50	2014-07-19 16:48:57
161	165	foto0-165.jpg	foto1-165.jpg	foto2-165.jpg	foto3-165.jpg							plano0-165.jpg					Vista principal	Vista general.	Vista general.	Carretera Estatal El Bellote-Aquiles Serdan.							Copia del plano.					1	1	187.175.64.113	dsl-187-175-64-113-dyn.prod-infinitum.com.mx	0	1970-01-01 00:00:00	46	2014-08-08 17:33:29
134	138	foto0-138.jpg	foto1-138.jpg	foto2-138.jpg	foto3-138.jpg	foto4-138.jpg	foto5-138.jpg					plano0-138.jpg					VIA DE ACCESO  AL CONJUNTO	VISTA FRONTAL  DEL EDIFICIO	SALA-COMEDOR	COCINA	BAÑO.	RECAMARA					PLANO ARQUITECTONICO					1	1	189.133.85.195	dsl-189-133-85-195-dyn.prod-infinitum.com.mx	0	1970-01-01 00:00:00	41	2014-08-02 13:54:23
135	139																															1	1			0	1970-01-01 00:00:00	0	1970-01-01 00:00:00
136	140																															1	1			0	1970-01-01 00:00:00	0	1970-01-01 00:00:00
139	143											plano0-143.jpg															Copia del plano.					1	1	187.175.57.92	dsl-187-175-57-92-dyn.prod-infinitum.com.mx	0	1970-01-01 00:00:00	46	2014-08-04 14:06:28
140	144											plano0-144.jpg															Copia del plano.					1	1	187.175.57.92	dsl-187-175-57-92-dyn.prod-infinitum.com.mx	0	1970-01-01 00:00:00	46	2014-08-04 14:08:13
137	141	foto0-141.jpg	foto1-141.jpg	foto2-141.jpg	foto3-141.jpg	foto4-141.jpg	foto5-141.jpg					plano0-141.jpg					VISTA PANORAMICA DE CALLE DE ACCESO	VISTA FRONTAL  DEL  EDIFICIO	SALA-COMEDOR	COCINA	ESCALERAS DE SERVICIO PLANTA ALTA	RECAMARA					PLANO ARQUITECTONICO					1	1	189.236.68.82	dsl-189-236-68-82-dyn.prod-infinitum.com.mx	0	1970-01-01 00:00:00	41	2014-08-15 07:11:29
141	145											plano0-145.jpg															Copia del plano.					1	1	187.175.57.92	dsl-187-175-57-92-dyn.prod-infinitum.com.mx	0	1970-01-01 00:00:00	46	2014-08-04 15:09:57
142	146											plano0-146.jpg															Copia del plano.					1	1	187.175.6.74	dsl-187-175-6-74-dyn.prod-infinitum.com.mx	0	1970-01-01 00:00:00	46	2014-08-04 18:17:53
143	147											plano0-147.jpg															Copia del plano.					1	1	187.175.6.74	dsl-187-175-6-74-dyn.prod-infinitum.com.mx	0	1970-01-01 00:00:00	46	2014-08-04 18:20:06
144	148											plano0-148.jpg															Copia del plano.					1	1	187.175.6.74	dsl-187-175-6-74-dyn.prod-infinitum.com.mx	0	1970-01-01 00:00:00	46	2014-08-04 18:22:39
145	149											plano0-149.jpg															Copia del plano.					1	1	187.175.6.74	dsl-187-175-6-74-dyn.prod-infinitum.com.mx	0	1970-01-01 00:00:00	46	2014-08-04 19:36:31
146	150											plano0-150.jpg															Copia del plano.					1	1	187.175.6.74	dsl-187-175-6-74-dyn.prod-infinitum.com.mx	0	1970-01-01 00:00:00	46	2014-08-04 20:04:24
149	153											plano0-153.jpg															Copia del plano.					1	1	187.175.68.161	dsl-187-175-68-161-dyn.prod-infinitum.com.mx	0	1970-01-01 00:00:00	46	2014-09-02 23:46:36
150	154											plano0-154.jpg																				1	1	187.175.6.74	dsl-187-175-6-74-dyn.prod-infinitum.com.mx	0	1970-01-01 00:00:00	46	2014-08-05 16:25:19
148	152	foto0-152.jpg	foto1-152.jpg	foto2-152.jpg	foto3-152.jpg							plano0-152.jpg					Vista principal	Vista lateral	Vista general	Carretera Estatal El Bellote-Aquiles Serdan.							Copia del plano.					1	1	187.175.64.113	dsl-187-175-64-113-dyn.prod-infinitum.com.mx	0	1970-01-01 00:00:00	46	2014-08-08 17:18:58
151	155											plano0-155.jpg															Copia del plano.					1	1	187.175.6.74	dsl-187-175-6-74-dyn.prod-infinitum.com.mx	0	1970-01-01 00:00:00	46	2014-08-05 16:26:45
152	156											plano0-156.jpg															Copia del plano.					1	1	187.175.6.74	dsl-187-175-6-74-dyn.prod-infinitum.com.mx	0	1970-01-01 00:00:00	46	2014-08-05 16:27:44
153	157											plano0-157.jpg																				1	1	187.175.6.74	dsl-187-175-6-74-dyn.prod-infinitum.com.mx	0	1970-01-01 00:00:00	46	2014-08-05 22:38:17
154	158											plano0-158.jpg																				1	1	187.175.6.74	dsl-187-175-6-74-dyn.prod-infinitum.com.mx	0	1970-01-01 00:00:00	46	2014-08-05 22:39:22
155	159	foto0-159.jpg	foto1-159.jpg	foto2-159.jpg								plano0-159.jpg					Fachada.	Vista general.	Carretera vecinal.								Copia del plano.					1	1	187.175.6.74	dsl-187-175-6-74-dyn.prod-infinitum.com.mx	0	1970-01-01 00:00:00	46	2014-08-06 14:45:31
156	160											plano0-160.jpg															Copia del plano.					1	1	187.175.6.74	dsl-187-175-6-74-dyn.prod-infinitum.com.mx	0	1970-01-01 00:00:00	46	2014-08-06 13:39:42
157	161											plano0-161.jpg															Copia del plano.					1	1	187.175.6.74	dsl-187-175-6-74-dyn.prod-infinitum.com.mx	0	1970-01-01 00:00:00	46	2014-08-06 13:42:36
158	162											plano0-162.jpg															Copia del plano.					1	1	187.175.6.74	dsl-187-175-6-74-dyn.prod-infinitum.com.mx	0	1970-01-01 00:00:00	46	2014-08-06 13:44:50
159	163											plano0-163.jpg															Copia del plano.					1	1	187.175.6.74	dsl-187-175-6-74-dyn.prod-infinitum.com.mx	0	1970-01-01 00:00:00	46	2014-08-06 13:46:30
160	164	foto0-164.jpg	foto1-164.jpg	foto2-164.jpg	foto3-164.jpg							plano0-164.jpg					Fachada.	Vista general	Camino de acceso 	Entrada al camino de acceso							Copia del plano.					1	1	187.175.6.74	dsl-187-175-6-74-dyn.prod-infinitum.com.mx	0	1970-01-01 00:00:00	46	2014-08-06 15:21:09
163	167											plano0-167.jpg															Copia del plano.					1	1	187.175.70.19	dsl-187-175-70-19-dyn.prod-infinitum.com.mx	0	1970-01-01 00:00:00	46	2014-08-06 17:12:32
166	170											plano0-170.jpg															Copia del plano.					1	1	187.175.70.19	dsl-187-175-70-19-dyn.prod-infinitum.com.mx	0	1970-01-01 00:00:00	46	2014-08-06 17:35:39
165	169											plano0-169.jpg															Copia del plano.					1	1	187.175.70.19	dsl-187-175-70-19-dyn.prod-infinitum.com.mx	0	1970-01-01 00:00:00	46	2014-08-06 17:25:24
167	171	foto0-171.jpeg										plano0-171.jpeg																				1	1	187.187.44.202	customer-mred-202.static.metrored.net.mx	0	1970-01-01 00:00:00	9	2014-08-06 21:28:50
168	172																															1	1			0	1970-01-01 00:00:00	0	1970-01-01 00:00:00
169	173											plano0-173.jpg															Copia del plano.					1	1	187.175.37.178	dsl-187-175-37-178-dyn.prod-infinitum.com.mx	0	1970-01-01 00:00:00	46	2014-08-07 18:31:38
170	174											plano0-174.jpg															Copia del plano.					1	1	187.175.37.178	dsl-187-175-37-178-dyn.prod-infinitum.com.mx	0	1970-01-01 00:00:00	46	2014-08-07 18:32:35
171	175											plano0-175.jpg															Copia del plano.					1	1	187.175.37.178	dsl-187-175-37-178-dyn.prod-infinitum.com.mx	0	1970-01-01 00:00:00	46	2014-08-07 18:33:27
172	176											plano0-176.jpg															Copia del plano.					1	1	187.175.64.113	dsl-187-175-64-113-dyn.prod-infinitum.com.mx	0	1970-01-01 00:00:00	46	2014-08-08 11:36:38
173	177											plano0-177.jpg															Copia del plano.					1	1	187.175.64.113	dsl-187-175-64-113-dyn.prod-infinitum.com.mx	0	1970-01-01 00:00:00	46	2014-08-08 11:38:10
174	178											plano0-178.jpg															Copia del plano					1	1	187.175.64.113	dsl-187-175-64-113-dyn.prod-infinitum.com.mx	0	1970-01-01 00:00:00	46	2014-08-08 11:39:21
175	179											plano0-179.jpg															Copia del plano.					1	1	187.175.64.113	dsl-187-175-64-113-dyn.prod-infinitum.com.mx	0	1970-01-01 00:00:00	46	2014-08-08 11:40:30
176	180											plano0-180.jpg															Copia del plano.					1	1	187.175.66.193	dsl-187-175-66-193-dyn.prod-infinitum.com.mx	0	1970-01-01 00:00:00	46	2014-08-18 20:07:31
177	181											plano0-181.jpg															Copia del plano.					1	1	187.175.64.113	dsl-187-175-64-113-dyn.prod-infinitum.com.mx	0	1970-01-01 00:00:00	46	2014-08-08 11:42:36
178	182											plano0-182.jpg															Copia del plano. 					1	1	187.175.64.113	dsl-187-175-64-113-dyn.prod-infinitum.com.mx	0	1970-01-01 00:00:00	46	2014-08-08 16:22:54
179	183											plano0-183.jpg															Copia del plano. 					1	1	187.175.64.113	dsl-187-175-64-113-dyn.prod-infinitum.com.mx	0	1970-01-01 00:00:00	46	2014-08-08 12:36:04
180	184	foto0-184.jpg	foto1-184.jpg	foto2-184.jpg	foto3-184.jpg							plano0-184.jpg					Vista Panorámica del Predio	Vista Lateral del Predio.	Vista de Frente del Predio.	Vista Panorámica del Predio												1	1	189.133.123.237	dsl-189-133-123-237-dyn.prod-infinitum.com.mx	0	1970-01-01 00:00:00	52	2014-08-12 22:30:46
181	185	foto0-185.jpg	foto1-185.jpg	foto2-185.jpg	foto3-185.jpg							plano0-185.jpg					Fachada	Corredor	Cocina comedor	Calle Arq. Manuel Suárez Herrera							Copia del plano.					1	1	187.175.60.139	dsl-187-175-60-139-dyn.prod-infinitum.com.mx	0	1970-01-01 00:00:00	46	2014-08-12 21:27:58
182	186	foto0-186.jpeg																														1	1	187.187.44.202	customer-mred-202.static.metrored.net.mx	0	1970-01-01 00:00:00	9	2014-08-09 14:07:00
183	187																															1	1			0	1970-01-01 00:00:00	0	1970-01-01 00:00:00
184	188											plano0-188.jpg															Copia del plano.					1	1	187.175.64.113	dsl-187-175-64-113-dyn.prod-infinitum.com.mx	0	1970-01-01 00:00:00	46	2014-08-10 18:19:17
185	189											plano0-189.jpg															Copia del plano.					1	1	187.175.64.113	dsl-187-175-64-113-dyn.prod-infinitum.com.mx	0	1970-01-01 00:00:00	46	2014-08-10 18:38:23
186	190											plano0-190.jpeg																				1	1	187.187.44.202	customer-mred-202.static.metrored.net.mx	0	1970-01-01 00:00:00	9	2014-08-11 10:36:06
187	191	foto0-191.jpg	foto1-191.jpg									plano0-191.jpg																				1	1	189.236.68.82	dsl-189-236-68-82-dyn.prod-infinitum.com.mx	0	1970-01-01 00:00:00	41	2014-08-15 12:53:09
188	192	foto0-192.jpg	foto1-192.jpeg	foto2-192.jpg	foto3-192.jpg	foto4-192.jpeg	foto5-192.jpeg					plano0-192.jpg					Bodega	Silos	Oficina principal	Báscula	Molino de Barita 1	Molino de Barita 2					Plano General del Inmueble					1	1	187.175.60.139	dsl-187-175-60-139-dyn.prod-infinitum.com.mx	0	1970-01-01 00:00:00	46	2014-08-12 16:02:56
189	193											plano0-193.jpg															Copia del plano.					1	1	187.175.60.139	dsl-187-175-60-139-dyn.prod-infinitum.com.mx	0	1970-01-01 00:00:00	46	2014-08-12 19:43:08
190	194											plano0-194.jpg															Copia del plano					1	1	187.175.60.139	dsl-187-175-60-139-dyn.prod-infinitum.com.mx	0	1970-01-01 00:00:00	46	2014-08-12 19:38:09
191	195																															1	1			0	1970-01-01 00:00:00	0	1970-01-01 00:00:00
192	196	foto0-196.jpg	foto1-196.jpg	foto2-196.jpg	foto3-196.jpg	foto4-196.jpg	foto5-196.jpg					plano0-196.jpg					Vista Principal de las Construcciones	Vista Principal de las Construcciones	Vista hacia el frente donde se ubica la calle.	Vista engravada de Calle de acceso sin nombre	Interior de area de usos multiples	Interior de área de impartición de culto										1	1	189.133.87.176	dsl-189-133-87-176-dyn.prod-infinitum.com.mx	0	1970-01-01 00:00:00	41	2014-10-06 15:37:39
194	198	foto0-198.jpg	foto1-198.jpg	foto2-198.jpg	foto3-198.jpg							plano0-198.jpg					VISTA INTERIOR DEL PREDIO	VISTA INTERIOR DEL PREDIO	CALLE DE ACCESO FICUS	CALLE DE ACCESO DERECHO DE VIA CFE												1	1	189.133.88.15	dsl-189-133-88-15-dyn.prod-infinitum.com.mx	0	1970-01-01 00:00:00	41	2014-08-27 18:30:01
195	199	foto0-199.jpg	foto1-199.jpg	foto2-199.jpg	foto3-199.jpg	foto4-199.jpg	foto5-199.jpg					plano0-199.jpg					CALLE DE ACCESO (EN PROYECTO)	SALA-COMEDOR	COCINA	BAÑO	RECAMARA 1	RECAMARA 2										1	1	189.236.68.82	dsl-189-236-68-82-dyn.prod-infinitum.com.mx	0	1970-01-01 00:00:00	41	2014-08-16 01:16:48
196	200																															1	1			0	1970-01-01 00:00:00	0	1970-01-01 00:00:00
197	201	foto0-201.jpg															SALA COMEDOR															1	1	187.165.201.111	187-165-201-111.static.axtel.net	0	1970-01-01 00:00:00	50	2014-08-19 16:43:31
198	202																															1	1			0	1970-01-01 00:00:00	0	1970-01-01 00:00:00
199	203	foto0-203.jpg	foto1-203.jpg	foto2-203.jpg	foto3-203.jpg	foto4-203.jpg						plano0-203.jpg					Fachada Principal	Sala Comedor.	Recamara uno	Recamara Dos	Vista Panoramica											1	1	189.236.71.216	dsl-189-236-71-216-dyn.prod-infinitum.com.mx	0	1970-01-01 00:00:00	52	2014-08-28 22:05:35
200	204	foto0-204.jpg	foto1-204.jpg	foto2-204.jpg	foto3-204.jpg	foto4-204.jpg	foto5-204.jpg					plano0-204.jpeg					Entrada Principal	Fachada Casa de Losa de Concreto	Patio	Casa de Teja	Lateral de Casa Principal	Vista desde Calle G. Zamora										1	1	187.175.34.201	dsl-187-175-34-201-dyn.prod-infinitum.com.mx	0	1970-01-01 00:00:00	46	2014-08-22 10:56:19
202	206											plano0-206.jpg																				1	1	187.175.58.74	dsl-187-175-58-74-dyn.prod-infinitum.com.mx	0	1970-01-01 00:00:00	46	2014-08-21 22:39:37
203	207	foto0-207.jpg	foto1-207.jpg	foto2-207.jpg	foto3-207.jpg							plano0-207.jpg					Fachada	Interior	Vista lateral	Calle de acceso							Copia del plano.					1	1	189.243.91.172	dsl-189-243-91-172-dyn.prod-infinitum.com.mx	0	1970-01-01 00:00:00	46	2014-08-24 21:35:23
204	208	foto0-208.jpg	foto1-208.jpg	foto2-208.jpg	foto3-208.jpg	foto4-208.jpg	foto5-208.jpg					plano0-208.jpg															Copia del plano					1	1	187.175.69.51	dsl-187-175-69-51-dyn.prod-infinitum.com.mx	0	1970-01-01 00:00:00	46	2014-08-28 17:35:00
205	209	foto0-209.jpg										plano0-209.jpeg																				1	1	177.233.66.134	host-177-233-66-134.static.metrored.net.mx	0	1970-01-01 00:00:00	9	2014-09-04 11:37:42
206	210																															1	1			0	1970-01-01 00:00:00	0	1970-01-01 00:00:00
207	211	foto0-211.jpg	foto1-211.jpg	foto2-211.jpg	foto3-211.jpg	foto4-211.jpg	foto5-211.jpg					plano0-211.jpg					Vista panorámica en el mes de mayo.	Vista panorámica en el mes de mayo	Vista Panoramica del Predio en el mes de mayo.	Vista Panorámica del Predio en el mes de agosto.	Vista panorámica en el mes de agosto.	Vista panorámica en el mes de agosto.										1	1	201.114.228.72	dsl-201-114-228-72-dyn.prod-infinitum.com.mx	0	1970-01-01 00:00:00	52	2014-09-01 22:19:56
208	212	foto0-212.jpeg	foto1-212.jpeg	foto2-212.jpeg	foto3-212.jpeg							plano0-212.jpg															Copia del plano.					1	1	187.175.1.141	dsl-187-175-1-141-dyn.prod-infinitum.com.mx	0	1970-01-01 00:00:00	46	2014-08-26 12:16:12
209	213	foto0-213.jpg	foto1-213.jpg	foto2-213.jpg	foto3-213.jpg	foto4-213.jpg	foto5-213.jpg					plano0-213.jpg					Vista frontal	Vista lateral	Vista lateral	Vista lateral	Vista interior	Callejón de acceso					Copia del plano.					1	1	187.175.3.127	dsl-187-175-3-127-dyn.prod-infinitum.com.mx	0	1970-01-01 00:00:00	46	2014-08-26 20:17:36
210	214	foto0-214.jpg	foto1-214.jpg	foto2-214.jpg	foto3-214.jpg	foto4-214.jpg						plano0-214.jpg					Fachada Principal del Inmueble	Vista Interior del Inmueble.	Vista Interior del Inmueble	Muebles Sanitarios del Inmueble.	Equipos del Inmueble.											1	1	189.236.71.216	dsl-189-236-71-216-dyn.prod-infinitum.com.mx	0	1970-01-01 00:00:00	52	2014-08-28 23:40:58
211	215											plano0-215.jpg															Copia del plano.					1	1	187.175.3.127	dsl-187-175-3-127-dyn.prod-infinitum.com.mx	0	1970-01-01 00:00:00	46	2014-08-26 19:35:45
212	216											plano0-216.jpg															Copia del plano					1	1	187.175.3.127	dsl-187-175-3-127-dyn.prod-infinitum.com.mx	0	1970-01-01 00:00:00	46	2014-08-26 19:36:43
213	217											plano0-217.jpg															Copia del plano					1	1	187.175.3.127	dsl-187-175-3-127-dyn.prod-infinitum.com.mx	0	1970-01-01 00:00:00	46	2014-08-26 19:38:40
214	218											plano0-218.jpg															Copia del plano					1	1	187.175.68.161	dsl-187-175-68-161-dyn.prod-infinitum.com.mx	0	1970-01-01 00:00:00	46	2014-09-02 23:40:23
215	219											plano0-219.jpg															Copia del plano					1	1	187.175.3.127	dsl-187-175-3-127-dyn.prod-infinitum.com.mx	0	1970-01-01 00:00:00	46	2014-08-26 19:41:20
216	220											plano0-220.jpg															Copia del plano					1	1	187.175.3.127	dsl-187-175-3-127-dyn.prod-infinitum.com.mx	0	1970-01-01 00:00:00	46	2014-08-26 20:31:11
217	221																															1	1			0	1970-01-01 00:00:00	0	1970-01-01 00:00:00
218	222											plano0-222.jpg															Copia del plano.					1	1	187.175.69.51	dsl-187-175-69-51-dyn.prod-infinitum.com.mx	0	1970-01-01 00:00:00	46	2014-08-27 23:18:56
219	223	foto0-223.jpg	foto1-223.jpg	foto2-223.jpg								plano0-223.jpg					Fachada	Interior	Interior								Copia del plano					1	1	187.175.33.35	dsl-187-175-33-35-dyn.prod-infinitum.com.mx	0	1970-01-01 00:00:00	46	2014-08-30 12:42:30
220	224											plano0-224.jpg															Copia del plano					1	1	187.175.33.35	dsl-187-175-33-35-dyn.prod-infinitum.com.mx	0	1970-01-01 00:00:00	46	2014-08-29 06:32:46
221	225	foto0-225.jpg	foto1-225.jpg	foto2-225.jpg	foto3-225.jpg							plano0-225.jpg					 CARRETERA VILLAHERMOSA-NACAJUCA	FRENTE DEL PREDIO	VISTA  INTERIOR DEL PREDIO	VISTA  INTERIOR DEL PREDIO												1	1	189.133.88.15	dsl-189-133-88-15-dyn.prod-infinitum.com.mx	0	1970-01-01 00:00:00	41	2014-08-29 14:40:03
222	226	foto0-226.jpg	foto1-226.jpg	foto2-226.jpg	foto3-226.jpg	foto4-226.jpg	foto5-226.jpg					plano0-226.jpg																				1	1	187.175.26.248	dsl-187-175-26-248-dyn.prod-infinitum.com.mx	0	1970-01-01 00:00:00	41	2014-09-01 14:34:23
223	227	foto0-227.jpg	foto1-227.jpg	foto2-227.jpg								plano0-227.jpg					Vista fachada	Interior	Calle de acceso								Copia del plano					1	1	189.236.225.44	dsl-189-236-225-44-dyn.prod-infinitum.com.mx	0	1970-01-01 00:00:00	46	2014-09-04 22:38:51
224	228	foto0-228.jpg	foto1-228.jpg	foto2-228.jpg	foto3-228.jpg	foto4-228.jpg	foto5-228.jpg					plano0-228.jpg					Vista frontal	garage	sala	Patio de servicio	Calle de acceso	Calle de acceso					Copia del plano					1	1	189.236.225.44	dsl-189-236-225-44-dyn.prod-infinitum.com.mx	0	1970-01-01 00:00:00	46	2014-09-04 21:23:52
225	229											plano0-229.jpg															Copia del plano					1	1	187.175.33.35	dsl-187-175-33-35-dyn.prod-infinitum.com.mx	0	1970-01-01 00:00:00	46	2014-08-29 21:33:45
226	230											plano0-230.jpg															Copia del plano					1	1	187.175.33.35	dsl-187-175-33-35-dyn.prod-infinitum.com.mx	0	1970-01-01 00:00:00	46	2014-08-29 21:34:43
227	231											plano0-231.jpg															Copia del plano					1	1	187.175.33.35	dsl-187-175-33-35-dyn.prod-infinitum.com.mx	0	1970-01-01 00:00:00	46	2014-08-29 22:32:53
228	232																															1	1			0	1970-01-01 00:00:00	0	1970-01-01 00:00:00
229	233	foto0-233.jpg	foto1-233.jpg	foto2-233.jpg								plano0-233.jpg					Fachada	Vista lateral	Carretera Estatal Paraíso-Barra de Tupilco								Copia del plano					1	1	187.175.62.54	dsl-187-175-62-54-dyn.prod-infinitum.com.mx	0	1970-01-01 00:00:00	46	2014-08-31 11:53:23
230	234	foto0-234.jpg	foto1-234.jpg	foto2-234.jpg								plano0-234.jpg					Fachada	Vista lateral	Carretera Estatal Paraíso-Barra de Tupilco.								Copia del plano					1	1	187.175.62.54	dsl-187-175-62-54-dyn.prod-infinitum.com.mx	0	1970-01-01 00:00:00	46	2014-08-31 12:07:52
231	235	foto0-235.jpg										plano0-235.jpg																				1	1	177.233.66.134	host-177-233-66-134.static.metrored.net.mx	0	1970-01-01 00:00:00	9	2014-08-31 12:11:00
232	236	foto0-236.jpeg	foto1-236.jpg									plano0-236.jpeg																				1	1	177.233.66.134	host-177-233-66-134.static.metrored.net.mx	0	1970-01-01 00:00:00	9	2014-08-31 12:38:30
233	237	foto0-237.jpg		foto2-237.jpg		foto4-237.jpg						plano0-237.jpeg																				1	1	177.233.66.134	host-177-233-66-134.static.metrored.net.mx	0	1970-01-01 00:00:00	9	2014-08-31 13:15:33
234	238	foto0-238.jpg		foto2-238.jpg								plano0-238.jpg					Fachada		Foto del interior del inmueble													1	1	177.233.66.134	host-177-233-66-134.static.metrored.net.mx	0	1970-01-01 00:00:00	9	2014-08-31 14:28:46
235	239																															1	1			0	1970-01-01 00:00:00	0	1970-01-01 00:00:00
236	240	foto0-240.jpg										plano0-240.jpg																				1	1	177.233.66.134	host-177-233-66-134.static.metrored.net.mx	0	1970-01-01 00:00:00	9	2014-09-04 21:47:56
237	241	foto0-241.jpg										plano0-241.jpg																				1	1	177.233.66.134	host-177-233-66-134.static.metrored.net.mx	0	1970-01-01 00:00:00	9	2014-09-26 08:42:16
238	242	foto0-242.jpg										plano0-242.jpg																				1	1	177.233.66.134	host-177-233-66-134.static.metrored.net.mx	0	1970-01-01 00:00:00	9	2014-09-04 21:34:00
239	243	foto0-243.jpg		foto2-243.jpg								plano0-243.jpg							Camino de su ubicación													1	1	177.233.66.134	host-177-233-66-134.static.metrored.net.mx	0	1970-01-01 00:00:00	9	2014-09-01 13:50:19
240	244	foto0-244.jpg										plano0-244.jpg																				1	1	177.233.66.134	host-177-233-66-134.static.metrored.net.mx	0	1970-01-01 00:00:00	9	2014-09-02 08:58:08
241	245											plano0-245.jpg															Copia del plano.					1	1	189.243.88.85	dsl-189-243-88-85-dyn.prod-infinitum.com.mx	0	1970-01-01 00:00:00	46	2014-09-01 17:21:42
242	246	foto0-246.jpg										plano0-246.jpg					REPORTE FOTOGRÁFICO										COPIA PLANO					1	1	177.233.66.134	host-177-233-66-134.static.metrored.net.mx	0	1970-01-01 00:00:00	9	2014-09-10 14:18:05
243	247	foto0-247.jpg										plano0-247.jpeg																				1	1	177.233.66.134	host-177-233-66-134.static.metrored.net.mx	0	1970-01-01 00:00:00	9	2014-09-02 10:28:45
244	248	foto0-248.jpg	foto1-248.jpg									plano0-248.jpg					REPORTE FOTOGRÁFICO	CARRETERA DE SU UBICACIÓN									COPIA PLANO					1	1	177.233.66.134	host-177-233-66-134.static.metrored.net.mx	0	1970-01-01 00:00:00	9	2014-09-02 16:09:26
245	249	foto0-249.jpg										plano0-249.jpeg																				1	1	177.233.66.134	host-177-233-66-134.static.metrored.net.mx	0	1970-01-01 00:00:00	9	2014-09-02 15:05:28
246	250	foto0-250.jpg	foto1-250.jpg									plano0-250.jpg					REPORTE FOTOGRÁFICO	CARRETERA DE SU UBICACIÓN									COPIA PLANO					1	1	177.233.66.134	host-177-233-66-134.static.metrored.net.mx	0	1970-01-01 00:00:00	9	2014-09-02 16:13:07
247	251	foto0-251.jpg										plano0-251.jpeg																				1	1	177.233.66.134	host-177-233-66-134.static.metrored.net.mx	0	1970-01-01 00:00:00	9	2014-09-02 15:07:21
255	259	foto0-259.jpg	foto1-259.jpg									plano0-259.jpg					Reporte fotografico	Calle de su ubicación									Copia plano					1	1	177.233.66.134	host-177-233-66-134.static.metrored.net.mx	0	1970-01-01 00:00:00	9	2014-09-03 13:42:54
273	277	foto0-277.jpg										plano0-277.jpeg																				1	1	177.233.66.134	host-177-233-66-134.static.metrored.net.mx	0	1970-01-01 00:00:00	9	2014-09-21 20:40:26
257	261											plano0-261.jpg															Copia del plano					1	1	187.175.67.147	dsl-187-175-67-147-dyn.prod-infinitum.com.mx	0	1970-01-01 00:00:00	46	2014-09-03 19:57:55
258	262											plano0-262.jpg															Copia del plano					1	1	187.175.67.147	dsl-187-175-67-147-dyn.prod-infinitum.com.mx	0	1970-01-01 00:00:00	46	2014-09-03 20:17:52
259	263	foto0-263.jpg	foto1-263.jpg	foto2-263.jpg								plano0-263.jpg					Vista general	Vista general	Carretera Estatal 								Copia del plano					1	1	189.243.90.215	dsl-189-243-90-215-dyn.prod-infinitum.com.mx	0	1970-01-01 00:00:00	46	2014-09-07 21:42:28
260	264	foto0-264.jpg										plano0-264.jpeg																				1	1	177.233.66.134	host-177-233-66-134.static.metrored.net.mx	0	1970-01-01 00:00:00	9	2014-09-04 19:34:52
261	265	foto0-265.jpg										plano0-265.jpeg																				1	1	177.233.66.134	host-177-233-66-134.static.metrored.net.mx	0	1970-01-01 00:00:00	9	2014-09-10 11:18:44
262	266	foto0-266.jpg										plano0-266.jpeg																				1	1	177.233.66.134	host-177-233-66-134.static.metrored.net.mx	0	1970-01-01 00:00:00	9	2014-09-04 12:05:38
263	267																															1	1			0	1970-01-01 00:00:00	0	1970-01-01 00:00:00
264	268																															1	1			0	1970-01-01 00:00:00	0	1970-01-01 00:00:00
265	269	foto0-269.jpg										plano0-269.jpeg																				1	1	177.233.66.134	host-177-233-66-134.static.metrored.net.mx	0	1970-01-01 00:00:00	9	2014-09-21 21:05:58
266	270	foto0-270.jpg										plano0-270.jpeg																				1	1	177.233.66.134	host-177-233-66-134.static.metrored.net.mx	0	1970-01-01 00:00:00	9	2014-09-08 21:20:19
267	271	foto0-271.jpg										plano0-271.jpg					Reporte Fotográfico										Copia plano					1	1	177.233.66.134	host-177-233-66-134.static.metrored.net.mx	0	1970-01-01 00:00:00	9	2014-09-04 13:46:50
268	272	foto0-272.jpg	foto1-272.jpg	foto2-272.jpg	foto3-272.jpg	foto4-272.jpg	foto5-272.jpg					plano0-272.jpg					VISTA PANORAMICA DE CALLE DE ACCESO	SALA-COMEDOR	COCINA	BAÑO	REACAMARA	PATIO DE SERVICIO					PLANO ARQUITECTONICO					1	1	189.236.196.242	dsl-189-236-196-242-dyn.prod-infinitum.com.mx	0	1970-01-01 00:00:00	41	2014-09-11 12:51:06
269	273	foto0-273.jpg										plano0-273.jpg					Reporte fotografico										Copia plano					1	1	177.233.66.134	host-177-233-66-134.static.metrored.net.mx	0	1970-01-01 00:00:00	9	2014-09-04 14:57:35
270	274	foto0-274.jpg	foto1-274.jpg	foto2-274.jpg								plano0-274.jpg					Vista general	Vista general	Calle de acceso								Copia del plano					1	1	189.236.225.44	dsl-189-236-225-44-dyn.prod-infinitum.com.mx	0	1970-01-01 00:00:00	46	2014-09-04 22:12:58
271	275	foto0-275.jpg	foto1-275.jpg	foto2-275.jpg	foto3-275.jpg	foto4-275.jpg	foto5-275.jpg					plano0-275.jpg					CALLEJON DE ACCESO DE 3 METROS DE ANCHO	VISTA FRONTAL  DEL  PREDIO	VISTA  INTERIOR DEL PREDIO	VISTA  INTERIOR DEL PREDIO	VISTA  INTERIOR DEL PREDIO	VISTA  INTERIOR DEL PREDIO					PLANO DEL PREDIO					1	1	189.236.196.242	dsl-189-236-196-242-dyn.prod-infinitum.com.mx	0	1970-01-01 00:00:00	41	2014-09-10 12:00:45
344	348											plano0-348.jpg															Copia del plano.					1	1	187.175.58.82	dsl-187-175-58-82-dyn.prod-infinitum.com.mx	0	1970-01-01 00:00:00	46	2014-10-01 20:09:36
272	276	foto0-276.jpg	foto1-276.jpg	foto2-276.jpg	foto3-276.jpg	foto4-276.jpg	foto5-276.jpg					plano0-276.jpg																				1	1	189.236.196.242	dsl-189-236-196-242-dyn.prod-infinitum.com.mx	0	1970-01-01 00:00:00	41	2014-09-11 00:46:37
274	278																															1	1			0	1970-01-01 00:00:00	0	1970-01-01 00:00:00
275	279	foto0-279.jpg	foto1-279.jpg	foto2-279.jpg								plano0-279.jpg															Copia del plano					1	1	189.243.90.215	dsl-189-243-90-215-dyn.prod-infinitum.com.mx	0	1970-01-01 00:00:00	46	2014-09-07 22:46:27
276	280											plano0-280.jpg															Copia del plano					1	1	187.175.63.196	dsl-187-175-63-196-dyn.prod-infinitum.com.mx	0	1970-01-01 00:00:00	46	2014-09-08 15:05:41
277	281											plano0-281.jpg															Copia del plano					1	1	189.236.226.95	dsl-189-236-226-95-dyn.prod-infinitum.com.mx	0	1970-01-01 00:00:00	46	2014-09-08 19:06:24
278	282	foto0-282.jpg	foto1-282.jpg	foto2-282.jpg								plano0-282.jpg					Vista general	Vista general	Camino de acceso								Copia del plano					1	1	189.236.226.95	dsl-189-236-226-95-dyn.prod-infinitum.com.mx	0	1970-01-01 00:00:00	46	2014-09-08 21:11:18
279	283	foto0-283.jpg	foto1-283.jpg	foto2-283.jpg	foto3-283.jpg		foto5-283.jpg					plano0-283.jpg					Fachada	Interior	Interior	Interior	Interior	Interior					Copia del plano					1	1	103.25.58.14	103.25.58.14	0	1970-01-01 00:00:00	46	2014-09-09 17:59:48
280	284	foto0-284.jpg	foto1-284.jpg	foto2-284.jpg								plano0-284.jpg					Vista general	Vista general	Carretera Estatal Paraíso-Comalcalco								Copia del plano.					1	1	189.236.228.173	dsl-189-236-228-173-dyn.prod-infinitum.com.mx	0	1970-01-01 00:00:00	46	2014-09-16 18:20:01
281	285																															1	1			0	1970-01-01 00:00:00	0	1970-01-01 00:00:00
282	286	foto0-286.jpg	foto1-286.jpg	foto2-286.jpg	foto3-286.jpg		foto5-286.jpg					plano0-286.jpg					Fachada	Vista general	Vista lateral	Carretera vecinal		Carretera vecinal					Copia del plano					1	1	103.25.58.14	103.25.58.14	0	1970-01-01 00:00:00	46	2014-09-10 20:33:23
283	287											plano0-287.jpg															Copia del plano.					1	1	189.243.90.252	dsl-189-243-90-252-dyn.prod-infinitum.com.mx	0	1970-01-01 00:00:00	46	2014-09-11 15:21:42
284	288	foto0-288.jpg	foto1-288.jpg	foto2-288.jpg								plano0-288.jpg					Fachada	Vista general	Carretera estatal								Copia del plano					1	1	189.243.90.252	dsl-189-243-90-252-dyn.prod-infinitum.com.mx	0	1970-01-01 00:00:00	46	2014-09-11 20:10:57
285	289	foto0-289.jpg	foto1-289.jpg	foto2-289.jpg	foto3-289.jpg	foto4-289.jpg	foto5-289.jpg					plano0-289.jpg					VISTA PANORAMICA DE CALLE DE ACCESO	VISTA GENERAL DEL TECHO	COCINA	BAÑO	REACAMARA	BAÑO NUEVA EXTENCION										1	1	189.133.126.228	dsl-189-133-126-228-dyn.prod-infinitum.com.mx	0	1970-01-01 00:00:00	41	2014-09-17 17:06:51
286	290											plano0-290.jpg						NO APLICA									Copia del plano					1	1	189.243.90.252	dsl-189-243-90-252-dyn.prod-infinitum.com.mx	0	1970-01-01 00:00:00	46	2014-09-11 20:38:27
287	291																															1	1			0	1970-01-01 00:00:00	0	1970-01-01 00:00:00
288	292	foto0-292.jpg	foto1-292.jpg	foto2-292.jpg	foto3-292.jpg	foto4-292.jpg	foto5-292.jpg					plano0-292.jpg					Vista lateral exterior	Interior	Interior	Interior	Interior	Calle Melchor Ocampo					Copia del plano					1	1	187.175.56.100	dsl-187-175-56-100-dyn.prod-infinitum.com.mx	0	1970-01-01 00:00:00	46	2014-09-14 12:49:26
289	293	foto0-293.jpg	foto1-293.jpg	foto2-293.jpg	foto3-293.jpg	foto4-293.jpg	foto5-293.jpg					plano0-293.jpg					VISTA GENERAL DEL CALLEJON DE ACCESO	VISTA GENERAL DEL CAMINO VECINAL 	VISTA  INTERIOR DEL PREDIO	VISTA  INTERIOR DEL PREDIO	VISTA  INTERIOR DEL PREDIO	VISTA GENERAL DEL CALLEJON DE ACCESO					PLANO DEL PREDIO					1	1	189.133.107.14	dsl-189-133-107-14-dyn.prod-infinitum.com.mx	0	1970-01-01 00:00:00	41	2014-09-16 08:55:46
290	294	foto0-294.jpg	foto1-294.jpg	foto2-294.jpg	foto3-294.jpg	foto4-294.jpg	foto5-294.jpg										CALLE REVOLUCION	CERREDA DE REVOLUCION	FACHADA	SALA Y COMEDOR	RECAMARA	BAÑO										1	1	189.133.102.205	dsl-189-133-102-205-dyn.prod-infinitum.com.mx	0	1970-01-01 00:00:00	41	2014-09-21 20:55:33
291	295	foto0-295.jpg	foto1-295.jpg	foto2-295.jpg	foto3-295.jpg	foto4-295.jpg	foto5-295.jpg					plano0-295.jpg																				1	1	189.133.102.205	dsl-189-133-102-205-dyn.prod-infinitum.com.mx	0	1970-01-01 00:00:00	41	2014-09-22 19:11:42
292	296											plano0-296.jpg															Copia del plano					1	1	187.175.59.32	dsl-187-175-59-32-dyn.prod-infinitum.com.mx	0	1970-01-01 00:00:00	46	2014-09-19 17:10:29
293	297											plano0-297.jpg															Copia del plano					1	1	187.175.59.32	dsl-187-175-59-32-dyn.prod-infinitum.com.mx	0	1970-01-01 00:00:00	46	2014-09-19 19:23:00
294	298	foto0-298.jpg	foto1-298.jpg	foto2-298.jpg	foto3-298.jpg	foto4-298.jpg	foto5-298.jpg					plano0-298.jpg															Copia del plano					1	1	187.175.38.210	dsl-187-175-38-210-dyn.prod-infinitum.com.mx	0	1970-01-01 00:00:00	46	2014-09-22 22:40:08
295	299	foto0-299.jpg	foto1-299.jpg	foto2-299.jpg	foto3-299.jpg	foto4-299.jpg	foto5-299.jpg					plano0-299.jpg					CARRETERA VECINAL DE SU UBICACION	VISTA GENERAL DEL PI DE CSAS HABITACION	VISTA GENERAL DEL PI DE CSAS HABITACION	VISTA GENERAL DEL PI DE CSAS HABITACION	VISTA GENERAL DEL PREDIO	VISTA GENERAL DEL PREDIO										1	1	189.133.102.205	dsl-189-133-102-205-dyn.prod-infinitum.com.mx	0	1970-01-01 00:00:00	41	2014-09-22 19:04:57
296	300																															1	1			0	1970-01-01 00:00:00	0	1970-01-01 00:00:00
297	301											plano0-301.jpg															Copia del plano.					1	1	187.175.38.210	dsl-187-175-38-210-dyn.prod-infinitum.com.mx	0	1970-01-01 00:00:00	46	2014-09-23 18:45:22
298	302	foto0-302.jpg	foto1-302.jpg	foto2-302.jpg	foto3-302.jpg	foto4-302.jpg	foto5-302.jpg					plano0-302.jpg					Vista general	Portico	Lateral	Terraza	Terraza	Calle de acceso					Copia del plano.					1	1	187.175.38.210	dsl-187-175-38-210-dyn.prod-infinitum.com.mx	0	1970-01-01 00:00:00	46	2014-09-24 16:39:17
299	303											plano0-303.jpg															Copia del plano					1	1	187.175.36.93	dsl-187-175-36-93-dyn.prod-infinitum.com.mx	0	1970-01-01 00:00:00	46	2014-09-25 14:53:50
300	304											plano0-304.jpg															Copia del plano.					1	1	187.175.36.93	dsl-187-175-36-93-dyn.prod-infinitum.com.mx	0	1970-01-01 00:00:00	46	2014-09-25 15:06:27
301	305											plano0-305.jpg															Copia del plano.					1	1	187.175.36.93	dsl-187-175-36-93-dyn.prod-infinitum.com.mx	0	1970-01-01 00:00:00	46	2014-09-25 15:32:44
302	306											plano0-306.jpg															Copia del plano.					1	1	187.175.36.93	dsl-187-175-36-93-dyn.prod-infinitum.com.mx	0	1970-01-01 00:00:00	46	2014-09-25 18:30:06
303	307											plano0-307.jpg															Copia del plano.					1	1	187.175.36.93	dsl-187-175-36-93-dyn.prod-infinitum.com.mx	0	1970-01-01 00:00:00	46	2014-09-25 18:48:39
304	308	foto0-308.jpg	foto1-308.jpg	foto2-308.jpg	foto3-308.jpg	foto4-308.jpg	foto5-308.jpg					plano0-308.jpg																				1	1	187.175.36.93	dsl-187-175-36-93-dyn.prod-infinitum.com.mx	0	1970-01-01 00:00:00	46	2014-09-26 16:09:06
305	309	foto0-309.jpg	foto1-309.jpg	foto2-309.jpg								plano0-309.jpg															Copia del plano.					1	1	187.175.2.17	dsl-187-175-2-17-dyn.prod-infinitum.com.mx	0	1970-01-01 00:00:00	46	2014-09-29 20:58:40
306	310	foto0-310.jpg	foto1-310.jpg	foto2-310.jpg								plano0-310.jpg															Copia del plano.					1	1	187.175.2.17	dsl-187-175-2-17-dyn.prod-infinitum.com.mx	0	1970-01-01 00:00:00	46	2014-09-29 21:08:27
307	311											plano0-311.jpg															Copia del plano.					1	1	187.175.36.93	dsl-187-175-36-93-dyn.prod-infinitum.com.mx	0	1970-01-01 00:00:00	46	2014-09-26 22:35:33
308	312											plano0-312.jpg															Copia del plano.					1	1	187.175.36.93	dsl-187-175-36-93-dyn.prod-infinitum.com.mx	0	1970-01-01 00:00:00	46	2014-09-26 22:56:46
309	313											plano0-313.jpg															Copia del plano.					1	1	187.175.36.93	dsl-187-175-36-93-dyn.prod-infinitum.com.mx	0	1970-01-01 00:00:00	46	2014-09-26 23:19:06
310	314	foto0-314.jpg	foto1-314.jpg	foto2-314.jpg	foto3-314.jpg	foto4-314.jpg	foto5-314.jpg					plano0-314.jpg					VISTA PANORAMICA DE CALLE DE ACCESO	VISTA INTERIOR DEL PREDIO	VISTA GENRAL DEL COBERTIZO 	VISTA  INTERIOR DEL DORMITORIO	VISTA GENERAL DEL DORMITORIO	BAÑO										1	1	189.133.130.242	dsl-189-133-130-242-dyn.prod-infinitum.com.mx	0	1970-01-01 00:00:00	41	2014-09-27 12:23:48
311	315											plano0-315.jpg															Copia del plano					1	1	187.175.2.91	dsl-187-175-2-91-dyn.prod-infinitum.com.mx	0	1970-01-01 00:00:00	46	2014-09-27 20:53:06
312	316											plano0-316.jpg															COPIA DEL PLANO.					1	1	187.175.2.91	dsl-187-175-2-91-dyn.prod-infinitum.com.mx	0	1970-01-01 00:00:00	46	2014-09-27 21:10:04
313	317											plano0-317.jpg															Copia del Plano.					1	1	187.175.2.91	dsl-187-175-2-91-dyn.prod-infinitum.com.mx	0	1970-01-01 00:00:00	46	2014-09-27 21:29:26
314	318											plano0-318.jpg															Copia del plano					1	1	189.236.201.23	dsl-189-236-201-23-dyn.prod-infinitum.com.mx	0	1970-01-01 00:00:00	46	2014-09-28 18:43:33
315	319											plano0-319.jpg															COPIA DE PLANO					1	1	187.175.2.91	dsl-187-175-2-91-dyn.prod-infinitum.com.mx	0	1970-01-01 00:00:00	46	2014-09-27 22:06:25
316	320											plano0-320.jpg															COPIA DE PLANO.					1	1	187.175.2.91	dsl-187-175-2-91-dyn.prod-infinitum.com.mx	0	1970-01-01 00:00:00	46	2014-09-27 22:24:21
317	321											plano0-321.jpg															Copia del plano.					1	1	187.175.2.91	dsl-187-175-2-91-dyn.prod-infinitum.com.mx	0	1970-01-01 00:00:00	46	2014-09-27 22:40:02
318	322											plano0-322.jpg															Copia del plano.					1	1	187.175.2.91	dsl-187-175-2-91-dyn.prod-infinitum.com.mx	0	1970-01-01 00:00:00	46	2014-09-27 22:56:50
319	323											plano0-323.jpg															Copia del plano.					1	1	187.175.2.91	dsl-187-175-2-91-dyn.prod-infinitum.com.mx	0	1970-01-01 00:00:00	46	2014-09-27 23:15:50
320	324											plano0-324.jpg															Copia del plano					1	1	187.175.2.91	dsl-187-175-2-91-dyn.prod-infinitum.com.mx	0	1970-01-01 00:00:00	46	2014-09-27 23:30:52
321	325											plano0-325.jpg															Copia del plano					1	1	187.175.2.91	dsl-187-175-2-91-dyn.prod-infinitum.com.mx	0	1970-01-01 00:00:00	46	2014-09-28 10:00:52
322	326											plano0-326.jpg															Copia del plano.					1	1	187.175.2.91	dsl-187-175-2-91-dyn.prod-infinitum.com.mx	0	1970-01-01 00:00:00	46	2014-09-28 10:31:50
323	327											plano0-327.jpg															Copia del plano.					1	1	189.236.201.23	dsl-189-236-201-23-dyn.prod-infinitum.com.mx	0	1970-01-01 00:00:00	46	2014-09-28 18:34:13
324	328	foto0-328.jpg	foto1-328.jpg	foto2-328.jpg	foto3-328.jpg	foto4-328.jpg	foto5-328.jpg					plano0-328.jpg					Vista general	Vista general	Vista general	Vista general	Carretera vecinal	Carretera vecinal					Copia del plano.					1	1	189.236.201.23	dsl-189-236-201-23-dyn.prod-infinitum.com.mx	0	1970-01-01 00:00:00	46	2014-09-28 20:04:12
325	329											plano0-329.jpg															Copia del plano.					1	1	189.236.201.23	dsl-189-236-201-23-dyn.prod-infinitum.com.mx	0	1970-01-01 00:00:00	46	2014-09-28 20:33:51
326	330	foto0-330.jpg	foto1-330.jpg	foto2-330.jpg								plano0-330.jpg															Copia del plano.					1	1	189.236.201.23	dsl-189-236-201-23-dyn.prod-infinitum.com.mx	0	1970-01-01 00:00:00	46	2014-09-28 20:55:42
327	331	foto0-331.jpg	foto1-331.jpg	foto2-331.jpg								plano0-331.jpg															Copia del plano					1	1	189.236.201.23	dsl-189-236-201-23-dyn.prod-infinitum.com.mx	0	1970-01-01 00:00:00	46	2014-09-28 21:26:28
328	332	foto0-332.jpg	foto1-332.jpg	foto2-332.jpg								plano0-332.jpg					Vista general	Vista general	Calle Nicolas Bravo con salida al Boulevard								Copia del plano.					1	1	189.236.201.23	dsl-189-236-201-23-dyn.prod-infinitum.com.mx	0	1970-01-01 00:00:00	46	2014-09-28 22:24:26
329	333											plano0-333.jpg															Copia del plano.					1	1	187.175.3.29	dsl-187-175-3-29-dyn.prod-infinitum.com.mx	0	1970-01-01 00:00:00	46	2014-09-29 15:19:45
330	334											plano0-334.jpg															Copia del plano					1	1	187.175.2.17	dsl-187-175-2-17-dyn.prod-infinitum.com.mx	0	1970-01-01 00:00:00	46	2014-09-29 15:32:12
331	335											plano0-335.jpg															Copia del plano					1	1	187.175.2.17	dsl-187-175-2-17-dyn.prod-infinitum.com.mx	0	1970-01-01 00:00:00	46	2014-09-29 21:51:55
332	336											plano0-336.jpg															Copia del plano					1	1	187.175.2.17	dsl-187-175-2-17-dyn.prod-infinitum.com.mx	0	1970-01-01 00:00:00	46	2014-09-29 22:07:21
333	337	foto0-337.jpg	foto1-337.jpg	foto2-337.jpg								plano0-337.jpg															Copia del plano					1	1	187.175.58.82	dsl-187-175-58-82-dyn.prod-infinitum.com.mx	0	1970-01-01 00:00:00	46	2014-09-30 20:55:24
334	338	foto0-338.jpg	foto1-338.jpg	foto2-338.jpg								plano0-338.jpg															Copia del plano.					1	1	187.175.58.82	dsl-187-175-58-82-dyn.prod-infinitum.com.mx	0	1970-01-01 00:00:00	46	2014-09-30 20:37:35
335	339																															1	1			0	1970-01-01 00:00:00	0	1970-01-01 00:00:00
336	340	foto0-340.jpg	foto1-340.jpg	foto2-340.jpg								plano0-340.jpg					Vista general	Vista general	Carretera vecinal								Copia del plano.					1	1	187.175.33.173	dsl-187-175-33-173-dyn.prod-infinitum.com.mx	0	1970-01-01 00:00:00	46	2014-11-19 10:21:35
337	341	foto0-341.jpg	foto1-341.jpg	foto2-341.jpg								plano0-341.jpg					Vista general	Vista general	Calle de acceso								Copia del plano.					1	1	187.175.58.82	dsl-187-175-58-82-dyn.prod-infinitum.com.mx	0	1970-01-01 00:00:00	46	2014-09-30 20:08:07
338	342											plano0-342.jpg															Copia del plano					1	1	187.175.58.82	dsl-187-175-58-82-dyn.prod-infinitum.com.mx	0	1970-01-01 00:00:00	46	2014-09-30 22:49:21
339	343											plano0-343.jpg															Copia del plano					1	1	187.175.58.82	dsl-187-175-58-82-dyn.prod-infinitum.com.mx	0	1970-01-01 00:00:00	46	2014-10-01 15:08:48
340	344											plano0-344.jpg															Copia del plano					1	1	187.175.58.82	dsl-187-175-58-82-dyn.prod-infinitum.com.mx	0	1970-01-01 00:00:00	46	2014-10-01 15:30:48
341	345											plano0-345.jpg															Copia del plano					1	1	187.175.58.82	dsl-187-175-58-82-dyn.prod-infinitum.com.mx	0	1970-01-01 00:00:00	46	2014-10-01 15:52:23
342	346											plano0-346.jpg															Copia del plano.					1	1	187.175.58.82	dsl-187-175-58-82-dyn.prod-infinitum.com.mx	0	1970-01-01 00:00:00	46	2014-10-01 19:39:15
343	347											plano0-347.jpg															Copia del plano.					1	1	187.175.58.82	dsl-187-175-58-82-dyn.prod-infinitum.com.mx	0	1970-01-01 00:00:00	46	2014-10-01 19:53:43
345	349											plano0-349.jpg															Copia del plano					1	1	187.175.58.82	dsl-187-175-58-82-dyn.prod-infinitum.com.mx	0	1970-01-01 00:00:00	46	2014-10-01 20:26:51
346	350											plano0-350.jpg															Copia del plano.					1	1	187.175.58.82	dsl-187-175-58-82-dyn.prod-infinitum.com.mx	0	1970-01-01 00:00:00	46	2014-10-01 20:54:07
347	351	foto0-351.jpg	foto1-351.jpg	foto2-351.jpg		foto4-351.jpg						plano0-351.jpg															Copia del plano					1	1	187.175.59.191	dsl-187-175-59-191-dyn.prod-infinitum.com.mx	0	1970-01-01 00:00:00	46	2014-10-06 17:36:33
348	352	foto0-352.jpg	foto1-352.jpg	foto2-352.jpg								plano0-352.jpg															Copia del plano					1	1	187.175.59.191	dsl-187-175-59-191-dyn.prod-infinitum.com.mx	0	1970-01-01 00:00:00	46	2014-10-06 17:57:30
349	353	foto0-353.jpg	foto1-353.jpg	foto2-353.jpg	foto3-353.jpg	foto4-353.jpg						plano0-353.jpg															Copia del plano					1	1	187.175.58.82	dsl-187-175-58-82-dyn.prod-infinitum.com.mx	0	1970-01-01 00:00:00	46	2014-10-01 23:16:20
350	354											plano0-354.jpg															Copia del plano					1	1	187.175.58.82	dsl-187-175-58-82-dyn.prod-infinitum.com.mx	0	1970-01-01 00:00:00	46	2014-10-02 19:27:48
351	355											plano0-355.jpg															Copia del plano.					1	1	187.175.58.82	dsl-187-175-58-82-dyn.prod-infinitum.com.mx	0	1970-01-01 00:00:00	46	2014-10-02 19:40:06
352	356											plano0-356.jpg															Copia del plano					1	1	187.175.58.82	dsl-187-175-58-82-dyn.prod-infinitum.com.mx	0	1970-01-01 00:00:00	46	2014-10-02 19:53:10
353	357											plano0-357.jpg															Copia del plano					1	1	187.175.38.96	dsl-187-175-38-96-dyn.prod-infinitum.com.mx	0	1970-01-01 00:00:00	46	2014-10-05 09:26:48
354	358											plano0-358.jpg															Copia del plano					1	1	187.175.58.82	dsl-187-175-58-82-dyn.prod-infinitum.com.mx	0	1970-01-01 00:00:00	46	2014-10-02 20:26:43
355	359	foto0-359.jpg	foto1-359.jpg	foto2-359.jpg	foto3-359.jpg	foto4-359.jpg	foto5-359.jpg					plano0-359.jpg															Copia del plano					1	1	187.175.70.233	dsl-187-175-70-233-dyn.prod-infinitum.com.mx	0	1970-01-01 00:00:00	46	2014-10-05 17:51:32
356	360	foto0-360.jpg	foto1-360.jpg	foto2-360.jpg	foto3-360.jpg	foto4-360.jpg	foto5-360.jpg					plano0-360.jpg					CALLE DE ACCESO SIN NOMBRE	COLINDANCIAS Y CALLE DE ACCESO	COLINDANCIAS SOBRE EL MISMO PREDIO	VISTA DE BODEGA, OBRA TEMPORAL	VISTA DEL FONDO HACIA LA CALLE DE ACCESO SIN NOMBRE	COLINDANCIAS DEL PREDIO 										1	1	189.133.87.176	dsl-189-133-87-176-dyn.prod-infinitum.com.mx	0	1970-01-01 00:00:00	41	2014-10-06 15:54:43
357	361	foto0-361.jpg	foto1-361.jpg									plano0-361.jpg					ENTORNO DEL INMUEBLE	TECHO DE LAMINA DE ASBESTO									PLANO					1	1	187.150.145.58	dsl-187-150-145-58-dyn.prod-infinitum.com.mx	0	1970-01-01 00:00:00	35	2014-10-07 21:58:05
358	362											plano0-362.jpg															Copia del plano					1	1	187.175.70.233	dsl-187-175-70-233-dyn.prod-infinitum.com.mx	0	1970-01-01 00:00:00	46	2014-10-05 15:19:31
359	363	foto0-363.jpg	foto1-363.jpg	foto2-363.jpg								plano0-363.jpg															Copia del plano					1	1	187.175.59.191	dsl-187-175-59-191-dyn.prod-infinitum.com.mx	0	1970-01-01 00:00:00	46	2014-10-06 18:40:21
360	364											plano0-364.jpg															Copia del plano					1	1	187.175.59.191	dsl-187-175-59-191-dyn.prod-infinitum.com.mx	0	1970-01-01 00:00:00	46	2014-10-06 18:12:08
361	365	foto0-365.jpg	foto1-365.jpg	foto2-365.jpg								plano0-365.jpg															Copia del plano					1	1	187.175.59.191	dsl-187-175-59-191-dyn.prod-infinitum.com.mx	0	1970-01-01 00:00:00	46	2014-10-06 20:27:24
362	366	foto0-366.jpg	foto1-366.jpg	foto2-366.jpg	foto3-366.jpg	foto4-366.jpg	foto5-366.jpg					plano0-366.jpg															Copia del plano					1	1	187.175.37.69	dsl-187-175-37-69-dyn.prod-infinitum.com.mx	0	1970-01-01 00:00:00	46	2014-10-07 18:13:17
363	367											plano0-367.jpg															Copia del plano					1	1	187.175.70.151	dsl-187-175-70-151-dyn.prod-infinitum.com.mx	0	1970-01-01 00:00:00	46	2014-10-08 14:17:10
364	368											plano0-368.jpg															Copia del plano					1	1	187.175.70.151	dsl-187-175-70-151-dyn.prod-infinitum.com.mx	0	1970-01-01 00:00:00	46	2014-10-08 14:39:39
365	369	foto0-369.jpg	foto1-369.jpg	foto2-369.jpg	foto3-369.jpg	foto4-369.jpg	foto5-369.jpg					plano0-369.jpg					COMEDOR	PATIO DE SERVICIO	ESCALERA	BAÑO	RECAMARA	AZOTEA					PLANO					1	1	187.150.145.58	dsl-187-150-145-58-dyn.prod-infinitum.com.mx	0	1970-01-01 00:00:00	39	2014-10-14 20:00:31
366	370	foto0-370.jpg	foto1-370.jpg	foto2-370.jpg	foto3-370.jpg	foto4-370.jpg	foto5-370.jpg					plano0-370.jpg					 CALLE 5 (HOY MIGUEL LEON GONZALEZ)	VISTA DEL ACCESO AL  PREDIO	VISTA INTERIOR CON DIRECCIÓN A LA CALLE	VISTA DEL PREDIO CON DIRECCIÓN AL SOLAR No.3	CALLE 5 (HOY MIGUEL LEON GONZALEZ)	VISTA DEL PREDIO COLINDANCIA OESTE										1	1	189.236.196.23	dsl-189-236-196-23-dyn.prod-infinitum.com.mx	0	1970-01-01 00:00:00	41	2014-10-31 00:36:56
367	371	foto0-371.jpg	foto1-371.jpg	foto2-371.jpg	foto3-371.jpg	foto4-371.jpg	foto5-371.jpg					plano0-371.jpg					VISTA DEL ENTORNO CALLE 4	VISTA FRONTAL DESDE LA CALLE 4	VISTA LATERAL OESTE DESDE CALLE SIN NOMBRE	VISTA POSTERIOR NORTE AL SOLAR 1, CARMEN OSORIO CORDOVA	VISTA INTERIOR A LA SALIDA FRONTAL											1	1	189.236.196.23	dsl-189-236-196-23-dyn.prod-infinitum.com.mx	0	1970-01-01 00:00:00	41	2014-10-31 01:45:39
368	372	foto0-372.jpg	foto1-372.jpg	foto2-372.jpg	foto3-372.jpg	foto4-372.jpg	foto5-372.jpg					plano0-372.jpg					CALLE 5 (HOY MIGUEL LEON GONZALEZ)	VISTA FRONTAL DEL PREDIO CON CONSTRUCCIÓN RUINOSA	VISTA DEL INTERIOR DE LA CONSTRUCCION	VISTA DEL INTERIOR DE LA CONSTRUCCION	VISTA DEL INTERIOR DE LA CONSTRUCCION	VISTA DEL RESTO DEL PREDIO										1	1	189.236.196.23	dsl-189-236-196-23-dyn.prod-infinitum.com.mx	0	1970-01-01 00:00:00	41	2014-10-31 01:29:09
369	373	foto0-373.jpg	foto1-373.jpg	foto2-373.jpg	foto3-373.jpg	foto4-373.jpg	foto5-373.jpg					plano0-373.jpg					VISTA DEL ENTORNO	VISTA  FRONTAL	VISTA  LATERAL	VISTA LATERAL	VISTA INTERIOR	VISTA INTERIOR										1	1	189.133.80.235	dsl-189-133-80-235-dyn.prod-infinitum.com.mx	0	1970-01-01 00:00:00	41	2014-11-05 12:40:19
370	374	foto0-374.jpg	foto1-374.jpg	foto2-374.jpg								plano0-374.jpg															Copia del plano					1	1	189.243.88.15	dsl-189-243-88-15-dyn.prod-infinitum.com.mx	0	1970-01-01 00:00:00	46	2014-10-11 12:18:56
371	375	foto0-375.jpg	foto1-375.jpg	foto2-375.jpg								plano0-375.jpg					Vista general	Vista general	Calle de acceso								Copia del plano					1	1	189.243.88.15	dsl-189-243-88-15-dyn.prod-infinitum.com.mx	0	1970-01-01 00:00:00	46	2014-10-11 12:57:12
372	376	foto0-376.jpg	foto1-376.jpg	foto2-376.jpg								plano0-376.jpg															Copia del plano					1	1	189.243.88.15	dsl-189-243-88-15-dyn.prod-infinitum.com.mx	0	1970-01-01 00:00:00	46	2014-10-12 16:02:55
373	377	foto0-377.jpg	foto1-377.jpg	foto2-377.jpg								plano0-377.jpg															Copia del plano					1	1	189.243.88.15	dsl-189-243-88-15-dyn.prod-infinitum.com.mx	0	1970-01-01 00:00:00	46	2014-10-12 16:39:20
374	378	foto0-378.jpg	foto1-378.jpg	foto2-378.jpg								plano0-378.jpg															Copia del plano					1	1	189.243.88.15	dsl-189-243-88-15-dyn.prod-infinitum.com.mx	0	1970-01-01 00:00:00	46	2014-10-12 17:13:36
407	411											plano0-411.jpg															Copia del plano.					1	1	189.236.231.28	dsl-189-236-231-28-dyn.prod-infinitum.com.mx	0	1970-01-01 00:00:00	46	2014-10-28 20:51:02
375	379	foto0-379.jpg	foto1-379.jpg	foto2-379.jpg	foto3-379.jpg	foto4-379.jpg	foto5-379.jpg					plano0-379.jpg					VISTA DEL ENTORNO	VISTA DE FACHADA	VISTA DE LA SALA	VISTA DEL CUARTO	VISTA DE COMEDOR	VISTA DE COCINA										1	1	189.133.88.29	dsl-189-133-88-29-dyn.prod-infinitum.com.mx	0	1970-01-01 00:00:00	41	2014-10-20 15:56:49
376	380	foto0-380.jpeg	foto1-380.jpeg	foto2-380.jpeg								plano0-380.jpg															COPIA DEL PLANO					1	1	187.175.4.67	dsl-187-175-4-67-dyn.prod-infinitum.com.mx	0	1970-01-01 00:00:00	46	2014-10-14 14:35:37
377	381	foto0-381.jpeg	foto1-381.jpeg	foto2-381.jpeg								plano0-381.jpg															Copia del plano					1	1	187.175.4.67	dsl-187-175-4-67-dyn.prod-infinitum.com.mx	0	1970-01-01 00:00:00	46	2014-10-14 15:00:37
378	382	foto0-382.jpg	foto1-382.jpg	foto2-382.jpg	foto3-382.jpg	foto4-382.jpg	foto5-382.jpg					plano0-382.jpg															Copia del plano					1	1	187.175.4.67	dsl-187-175-4-67-dyn.prod-infinitum.com.mx	0	1970-01-01 00:00:00	46	2014-10-14 17:25:36
379	383	foto0-383.jpg	foto1-383.jpg	foto2-383.jpg								plano0-383.jpg															Copia del plano					1	1	187.175.4.67	dsl-187-175-4-67-dyn.prod-infinitum.com.mx	0	1970-01-01 00:00:00	46	2014-10-14 18:14:25
380	384	foto0-384.jpeg	foto1-384.jpeg	foto2-384.jpeg	foto3-384.jpeg	foto4-384.jpeg	foto5-384.jpeg					plano0-384.jpg															Copia del plano					1	1	189.236.224.209	dsl-189-236-224-209-dyn.prod-infinitum.com.mx	0	1970-01-01 00:00:00	46	2014-10-14 20:27:40
381	385	foto0-385.jpg	foto1-385.jpg	foto2-385.jpg	foto3-385.jpg	foto4-385.jpg	foto5-385.jpg					plano0-385.jpg					VISTA PANORAMICA DE CALLE DE ACCESO	VISTA DE LA SALA	VISTA DEL COMEDOR	VISTA DE LA COCINA	VISTA DEL BAÑO	VISTA DE LA RECAMARA										1	1	189.133.131.253	dsl-189-133-131-253-dyn.prod-infinitum.com.mx	0	1970-01-01 00:00:00	41	2014-10-16 14:53:07
382	386	foto0-386.jpg	foto1-386.jpg	foto2-386.jpg								plano0-386.jpg															Copia del plano					1	1	187.175.5.8	dsl-187-175-5-8-dyn.prod-infinitum.com.mx	0	1970-01-01 00:00:00	46	2014-10-16 18:58:01
383	387	foto0-387.jpg	foto1-387.jpg	foto2-387.jpg								plano0-387.jpg															Copia del plano					1	1	187.175.5.8	dsl-187-175-5-8-dyn.prod-infinitum.com.mx	0	1970-01-01 00:00:00	46	2014-10-16 19:05:09
384	388											plano0-388.jpg															Copia del plano					1	1	187.175.5.8	dsl-187-175-5-8-dyn.prod-infinitum.com.mx	0	1970-01-01 00:00:00	46	2014-10-16 19:53:18
385	389		foto1-389.jpg									plano0-389.jpg															Copia del plano *(No manifiesta construcción en obra negra)					1	1	187.175.5.8	dsl-187-175-5-8-dyn.prod-infinitum.com.mx	0	1970-01-01 00:00:00	46	2014-10-18 19:26:26
386	390	foto0-390.jpg	foto1-390.jpg									plano0-390.jpg															Copia del plano					1	1	189.236.228.24	dsl-189-236-228-24-dyn.prod-infinitum.com.mx	0	1970-01-01 00:00:00	46	2014-10-18 19:36:53
387	391											plano0-391.jpg															Copia del plano					1	1	187.175.2.233	dsl-187-175-2-233-dyn.prod-infinitum.com.mx	0	1970-01-01 00:00:00	46	2014-10-19 11:53:27
388	392											plano0-392.jpg															Copia del plano					1	1	187.175.2.233	dsl-187-175-2-233-dyn.prod-infinitum.com.mx	0	1970-01-01 00:00:00	46	2014-10-19 12:06:37
389	393	foto0-393.jpg	foto1-393.jpg	foto2-393.jpg	foto3-393.jpg	foto4-393.jpg	foto5-393.jpg					plano0-393.jpg					AVENIDA DE ACCESO PASEO USUMACINTA	FACHADA PRINCIPAL	VISTA DE INTERIOR DEL LOCAL COMERCIAL	BAÑO DE USO COMUN	VISTA GENERAL DEL PATIO DE SERVICIO	VISTA DE PATIO DE MANIOBRA					PLANO DEL PREDIO					1	1	189.133.80.235	dsl-189-133-80-235-dyn.prod-infinitum.com.mx	0	1970-01-01 00:00:00	41	2014-11-05 09:04:29
390	394											plano0-394.jpg															Copia del plano.					1	1	187.175.65.191	dsl-187-175-65-191-dyn.prod-infinitum.com.mx	0	1970-01-01 00:00:00	46	2014-10-21 19:24:52
391	395											plano0-395.jpg															Copia del plano					1	1	187.175.65.191	dsl-187-175-65-191-dyn.prod-infinitum.com.mx	0	1970-01-01 00:00:00	46	2014-10-21 19:35:56
392	396	foto0-396.jpg	foto1-396.jpg	foto2-396.jpg	foto3-396.jpg	foto4-396.jpg	foto5-396.jpg					plano0-396.jpg															Copia del plano					1	1	189.236.230.167	dsl-189-236-230-167-dyn.prod-infinitum.com.mx	0	1970-01-01 00:00:00	46	2014-10-23 14:40:18
393	397											plano0-397.jpg															Copia del plano					1	1	187.175.69.209	dsl-187-175-69-209-dyn.prod-infinitum.com.mx	0	1970-01-01 00:00:00	46	2014-10-22 16:54:00
394	398											plano0-398.jpg															Copia del plano					1	1	189.236.230.167	dsl-189-236-230-167-dyn.prod-infinitum.com.mx	0	1970-01-01 00:00:00	46	2014-10-23 15:13:14
395	399											plano0-399.jpg															Copia del plano					1	1	189.236.230.167	dsl-189-236-230-167-dyn.prod-infinitum.com.mx	0	1970-01-01 00:00:00	46	2014-10-23 15:16:30
396	400	foto0-400.jpg	foto1-400.jpg	foto2-400.jpg	foto3-400.jpg							plano0-400.jpg					VISTA DE ENTORNO	VISTA FRONTAL														1	1	189.133.93.159	dsl-189-133-93-159-dyn.prod-infinitum.com.mx	0	1970-01-01 00:00:00	41	2014-12-15 15:58:36
397	401	foto0-401.jpg	foto1-401.jpg	foto2-401.jpg	foto3-401.jpg	foto4-401.jpg	foto5-401.jpg					plano0-401.jpg					VISTA DEL ENTORNO	VISTA INTERIOR DEL PREDIO	VISTA INTERIOR DEL PREDIO	VISTA INTERIOR DEL PREDIO	VISTA INTERIOR DEL PREDIO	VISTA INTERIOR DEL PREDIO										1	1	189.236.196.23	dsl-189-236-196-23-dyn.prod-infinitum.com.mx	0	1970-01-01 00:00:00	41	2014-10-31 14:54:49
398	402											plano0-402.jpg															Copia del plano					1	1	187.175.7.239	dsl-187-175-7-239-dyn.prod-infinitum.com.mx	0	1970-01-01 00:00:00	46	2014-10-26 11:23:31
399	403											plano0-403.jpg															Copia del plano.					1	1	187.175.7.239	dsl-187-175-7-239-dyn.prod-infinitum.com.mx	0	1970-01-01 00:00:00	46	2014-10-26 11:37:07
400	404	foto0-404.jpg	foto1-404.jpg	foto2-404.jpg		foto4-404.jpg						plano0-404.jpg															Copia del plano.					1	1	189.243.88.179	dsl-189-243-88-179-dyn.prod-infinitum.com.mx	0	1970-01-01 00:00:00	46	2014-10-26 19:23:48
401	405	foto0-405.jpg	foto1-405.jpg	foto2-405.jpg	foto3-405.jpg	foto4-405.jpg	foto5-405.jpg					plano0-405.jpg															Copia del plano					1	1	189.243.88.179	dsl-189-243-88-179-dyn.prod-infinitum.com.mx	0	1970-01-01 00:00:00	46	2014-10-26 19:09:15
402	406	foto0-406.jpg	foto1-406.jpg	foto2-406.jpg	foto3-406.jpg	foto4-406.jpg	foto5-406.jpg					plano0-406.jpg															Copia del plano.					1	1	189.243.88.179	dsl-189-243-88-179-dyn.prod-infinitum.com.mx	0	1970-01-01 00:00:00	46	2014-10-26 18:27:02
403	407											plano0-407.jpg															Copia del plano					1	1	189.243.88.179	dsl-189-243-88-179-dyn.prod-infinitum.com.mx	0	1970-01-01 00:00:00	46	2014-10-26 18:51:51
404	408	foto0-408.jpg	foto1-408.jpg	foto2-408.jpg								plano0-408.jpg															Copia del plano					1	1	187.175.2.78	dsl-187-175-2-78-dyn.prod-infinitum.com.mx	0	1970-01-01 00:00:00	46	2014-10-26 20:12:46
405	409	foto0-409.jpg	foto1-409.jpg	foto2-409.jpg								plano0-409.jpg															Copia del plano					1	1	187.175.2.78	dsl-187-175-2-78-dyn.prod-infinitum.com.mx	0	1970-01-01 00:00:00	46	2014-10-26 20:42:59
406	410	foto0-410.jpg	foto1-410.jpg	foto2-410.jpg	foto3-410.jpg	foto4-410.jpg	foto5-410.jpg					plano0-410.jpg					VISTA GENERAL DE LA BRECHA DE ACCESO	VISTA GENERAL DE LA BRECHA DE ACCESO	VISTA GENERAL DEL PREDIO Y LAS CONSTRUCCIONES	VISTA GENERAL DEL ESTABLO	VISTA DE COBERTIZO USOS MULTIPLES	VISTA GENERAL DEL PREDIO										1	1	189.236.196.23	dsl-189-236-196-23-dyn.prod-infinitum.com.mx	0	1970-01-01 00:00:00	41	2014-10-29 09:54:26
408	412											plano0-412.jpg															Copia del plano.					1	1	189.236.231.28	dsl-189-236-231-28-dyn.prod-infinitum.com.mx	0	1970-01-01 00:00:00	46	2014-10-28 21:01:21
409	413	foto0-413.jpg	foto1-413.jpg	foto2-413.jpg	foto3-413.jpg	foto4-413.jpg	foto5-413.jpg					plano0-413.jpg					VISTA DESDE EL ACCESO A LA CARRETERA FEDERAL A VILLAHERMOSA	VISTA DE DESNIVEL HACIA CARRETERA FEDERAL A VILLAHERMOSA	VISTA DE COLINDANCIAS, SE APRECIA EN NIVEL DEL PREDIO Y EL NIVEL DEL AGUA	VISTA DE INTERIOR HACIA OBRA INCONCLUSA Y MUROS DE BODEGA	VISTA LATERAL DE BODEGA ACCESO TERRENO NATURAL	VISTA COLINDANTE HACIA DESLAVE										1	1	187.175.25.75	dsl-187-175-25-75-dyn.prod-infinitum.com.mx	0	1970-01-01 00:00:00	41	2014-10-29 19:22:04
410	414											plano0-414.jpg															Copia del plano					1	1	187.175.33.11	dsl-187-175-33-11-dyn.prod-infinitum.com.mx	0	1970-01-01 00:00:00	46	2014-10-31 08:02:20
411	415	foto0-415.jpg	foto1-415.jpg	foto2-415.jpg	foto3-415.jpg	foto4-415.jpg	foto5-415.jpg					plano0-415.jpg															Copia del plano					1	1	187.175.62.45	dsl-187-175-62-45-dyn.prod-infinitum.com.mx	0	1970-01-01 00:00:00	46	2014-11-02 18:58:49
412	416	foto0-416.jpg	foto1-416.jpg	foto2-416.jpg								plano0-416.jpg					Vista del frente del terreno.	Vista lateral del terreno.	Vista lateral del predio.													1	1	189.133.111.60	dsl-189-133-111-60-dyn.prod-infinitum.com.mx	0	1970-01-01 00:00:00	52	2014-11-03 20:25:58
413	417											plano0-417.jpg															Copia del plano					1	1	187.175.62.45	dsl-187-175-62-45-dyn.prod-infinitum.com.mx	0	1970-01-01 00:00:00	46	2014-11-03 18:28:29
414	418											plano0-418.jpg															Copia del plano.					1	1	189.236.227.133	dsl-189-236-227-133-dyn.prod-infinitum.com.mx	0	1970-01-01 00:00:00	46	2014-11-04 21:37:23
415	419	foto0-419.jpg	foto1-419.jpg	foto2-419.jpg	foto3-419.jpg	foto4-419.jpg	foto5-419.jpg					plano0-419.jpg															Copia del plano					1	1	187.175.61.175	dsl-187-175-61-175-dyn.prod-infinitum.com.mx	0	1970-01-01 00:00:00	46	2014-12-25 18:13:39
416	420	foto0-420.jpg	foto1-420.jpg	foto2-420.jpg	foto3-420.jpg	foto4-420.jpg	foto5-420.jpg					plano0-420.jpg					FACHADA PRINCIPAL	VISTA DE SALA COMEDOR ( TIPO)	COCINA (TIPO)	RECAMARA (TIPO)	BAÑO (TIPO)	PASILLO DE ACCESO					PLANO GENERL DEL INMUEBLE.					1	1	189.133.80.235	dsl-189-133-80-235-dyn.prod-infinitum.com.mx	0	1970-01-01 00:00:00	41	2014-11-05 13:36:28
417	421											plano0-421.jpg															Copia del plano					1	1	189.236.228.91	dsl-189-236-228-91-dyn.prod-infinitum.com.mx	0	1970-01-01 00:00:00	46	2014-11-05 14:03:17
418	422											plano0-422.jpg															Copia del plano					1	1	189.236.228.91	dsl-189-236-228-91-dyn.prod-infinitum.com.mx	0	1970-01-01 00:00:00	46	2014-11-05 14:15:04
419	423											plano0-423.jpg															Copia de plano					1	1	189.236.228.91	dsl-189-236-228-91-dyn.prod-infinitum.com.mx	0	1970-01-01 00:00:00	46	2014-11-05 14:43:39
420	424											plano0-424.jpg															Copia de plano.					1	1	189.236.228.91	dsl-189-236-228-91-dyn.prod-infinitum.com.mx	0	1970-01-01 00:00:00	46	2014-11-05 15:20:47
425	429											plano0-429.jpg															Copia del plano					1	1	187.175.68.25	dsl-187-175-68-25-dyn.prod-infinitum.com.mx	0	1970-01-01 00:00:00	46	2014-11-11 15:02:14
426	430											plano0-430.jpg															Copia del plano.					1	1	187.175.68.25	dsl-187-175-68-25-dyn.prod-infinitum.com.mx	0	1970-01-01 00:00:00	46	2014-11-11 15:39:56
427	431	foto0-431.jpg	foto1-431.jpg	foto2-431.jpg								plano0-431.jpg															Copia del plano					1	1	189.236.229.11	dsl-189-236-229-11-dyn.prod-infinitum.com.mx	0	1970-01-01 00:00:00	46	2014-11-12 19:19:39
428	432	foto0-432.jpg	foto1-432.jpg	foto2-432.jpg	foto3-432.jpg	foto4-432.jpg	foto5-432.jpg					plano0-432.jpg					FRENTE DEL PREDIO	CALLE DE ACCESO	CALLE DE ACCESO	VISTA DESDE CALLE DE ACCESO	VISTA GENERAL DEL INTERIOR	FRENTE DEL PREDIO										1	1	189.133.110.37	dsl-189-133-110-37-dyn.prod-infinitum.com.mx	0	1970-01-01 00:00:00	41	2014-11-25 06:50:02
429	433	foto0-433.jpg	foto1-433.jpg	foto2-433.jpg								plano0-433.jpg															Copia del plano					1	1	189.236.229.11	dsl-189-236-229-11-dyn.prod-infinitum.com.mx	0	1970-01-01 00:00:00	46	2014-11-12 21:07:57
430	434	foto0-434.jpg	foto1-434.jpg	foto2-434.jpg								plano0-434.jpg															Copia del plano					1	1	189.236.229.11	dsl-189-236-229-11-dyn.prod-infinitum.com.mx	0	1970-01-01 00:00:00	46	2014-11-12 21:12:17
431	435											plano0-435.jpg															Copia del plano					1	1	189.236.229.11	dsl-189-236-229-11-dyn.prod-infinitum.com.mx	0	1970-01-01 00:00:00	46	2014-11-12 20:24:07
432	436											plano0-436.jpg															Copia del plano					1	1	189.236.229.11	dsl-189-236-229-11-dyn.prod-infinitum.com.mx	0	1970-01-01 00:00:00	46	2014-11-12 20:34:07
433	437	foto0-437.jpg	foto1-437.jpg	foto2-437.jpg	foto3-437.jpg	foto4-437.jpg	foto5-437.jpg					plano0-437.jpg															Copia del plano.					1	1	187.175.33.173	dsl-187-175-33-173-dyn.prod-infinitum.com.mx	0	1970-01-01 00:00:00	46	2014-11-17 19:50:27
434	438	foto0-438.jpg	foto1-438.jpg	foto2-438.jpg								plano0-438.jpg															Copia del plano.					1	1	187.175.33.173	dsl-187-175-33-173-dyn.prod-infinitum.com.mx	0	1970-01-01 00:00:00	46	2014-11-17 19:56:41
435	439	foto0-439.jpg	foto1-439.jpg	foto2-439.jpg								plano0-439.jpg															Copia del plano.					1	1	187.175.33.173	dsl-187-175-33-173-dyn.prod-infinitum.com.mx	0	1970-01-01 00:00:00	46	2014-11-17 20:02:03
436	440	foto0-440.jpg	foto1-440.jpg	foto2-440.jpg								plano0-440.jpg															Copia del plano					1	1	187.175.33.53	dsl-187-175-33-53-dyn.prod-infinitum.com.mx	0	1970-01-01 00:00:00	46	2014-11-23 12:54:04
437	441											plano0-441.jpg															Copia del plano					1	1	187.175.33.173	dsl-187-175-33-173-dyn.prod-infinitum.com.mx	0	1970-01-01 00:00:00	46	2014-11-19 14:24:41
438	442	foto0-442.jpg	foto1-442.jpg	foto2-442.jpg	foto3-442.jpg	foto4-442.jpg	foto5-442.jpg					plano0-442.jpg															Copia del plano					1	1	187.175.33.53	dsl-187-175-33-53-dyn.prod-infinitum.com.mx	0	1970-01-01 00:00:00	46	2014-11-23 18:46:43
439	443	foto0-443.jpg	foto1-443.jpg	foto2-443.jpg								plano0-443.jpg															Copia del plano					1	1	187.175.33.53	dsl-187-175-33-53-dyn.prod-infinitum.com.mx	0	1970-01-01 00:00:00	46	2014-11-23 21:13:45
440	444	foto0-444.jpg	foto1-444.jpg	foto2-444.jpg								plano0-444.jpg															Copia del plano.					1	1	187.175.33.53	dsl-187-175-33-53-dyn.prod-infinitum.com.mx	0	1970-01-01 00:00:00	46	2014-11-23 21:54:45
441	445	foto0-445.jpg	foto1-445.jpg	foto2-445.jpg	foto3-445.jpg	foto4-445.jpg	foto5-445.jpg					plano0-445.jpg															Copia del plano					1	1	187.175.70.55	dsl-187-175-70-55-dyn.prod-infinitum.com.mx	0	1970-01-01 00:00:00	46	2014-11-26 16:24:55
442	446											plano0-446.jpg															Copia del plano					1	1	187.175.32.250	dsl-187-175-32-250-dyn.prod-infinitum.com.mx	0	1970-01-01 00:00:00	46	2014-11-26 12:57:20
443	447											plano0-447.jpg															Copia del plano.					1	1	187.175.32.250	dsl-187-175-32-250-dyn.prod-infinitum.com.mx	0	1970-01-01 00:00:00	46	2014-11-26 13:09:55
444	448	foto0-448.jpg	foto1-448.jpg	foto2-448.jpg								plano0-448.jpg															Copia del plano					1	1	187.175.70.55	dsl-187-175-70-55-dyn.prod-infinitum.com.mx	0	1970-01-01 00:00:00	46	2014-11-26 20:39:37
445	449											plano0-449.jpg															Copia del plano.					1	1	187.175.70.55	dsl-187-175-70-55-dyn.prod-infinitum.com.mx	0	1970-01-01 00:00:00	46	2014-11-27 11:54:29
446	450											plano0-450.jpg															Copia del plano.					1	1	187.175.70.55	dsl-187-175-70-55-dyn.prod-infinitum.com.mx	0	1970-01-01 00:00:00	46	2014-11-27 12:14:01
447	451	foto0-451.jpg	foto1-451.jpg	foto2-451.jpg								plano0-451.jpg															Copia del plano					1	1	189.243.88.91	dsl-189-243-88-91-dyn.prod-infinitum.com.mx	0	1970-01-01 00:00:00	46	2014-12-01 20:30:06
448	452	foto0-452.jpg	foto1-452.jpg	foto2-452.jpg								plano0-452.jpg															Copia del plano.					1	1	189.243.88.91	dsl-189-243-88-91-dyn.prod-infinitum.com.mx	0	1970-01-01 00:00:00	46	2014-12-01 20:14:39
449	453	foto0-453.jpg	foto1-453.jpg	foto2-453.jpg								plano0-453.jpg															Copia del plano.					1	1	189.243.88.194	dsl-189-243-88-194-dyn.prod-infinitum.com.mx	0	1970-01-01 00:00:00	46	2014-12-03 11:51:05
450	454	foto0-454.jpg	foto1-454.jpg	foto2-454.jpg		foto4-454.jpg						plano0-454.jpg															Copia del plano.					1	1	187.175.68.143	dsl-187-175-68-143-dyn.prod-infinitum.com.mx	0	1970-01-01 00:00:00	46	2014-12-15 11:57:39
451	455	foto0-455.jpg	foto1-455.jpg	foto2-455.jpg								plano0-455.jpg															Copia del plano.					1	1	187.175.70.55	dsl-187-175-70-55-dyn.prod-infinitum.com.mx	0	1970-01-01 00:00:00	46	2014-11-28 11:04:59
452	456	foto0-456.jpg	foto1-456.jpg	foto2-456.jpg								plano0-456.jpg															Copia del plano.					1	1	187.175.70.55	dsl-187-175-70-55-dyn.prod-infinitum.com.mx	0	1970-01-01 00:00:00	46	2014-11-28 11:02:50
453	457	foto0-457.jpg	foto1-457.jpg	foto2-457.jpg	foto3-457.jpg	foto4-457.jpg	foto5-457.jpg					plano0-457.jpg																				1	1	189.133.110.37	dsl-189-133-110-37-dyn.prod-infinitum.com.mx	0	1970-01-01 00:00:00	41	2014-11-29 00:04:21
454	458											plano0-458.jpg															Copia del plano. 					1	1	187.175.69.229	dsl-187-175-69-229-dyn.prod-infinitum.com.mx	0	1970-01-01 00:00:00	46	2014-11-29 09:53:40
455	459	foto0-459.jpg	foto1-459.jpg	foto2-459.jpg	foto3-459.jpg	foto4-459.jpg						plano0-459.jpg															Copia del plano. 					1	1	187.175.59.61	dsl-187-175-59-61-dyn.prod-infinitum.com.mx	0	1970-01-01 00:00:00	46	2014-11-30 08:57:32
456	460	foto0-460.jpg	foto1-460.jpg	foto2-460.jpg	foto3-460.jpg	foto4-460.jpg	foto5-460.jpg					plano0-460.jpg															Copia del plano.					1	1	187.175.1.164	dsl-187-175-1-164-dyn.prod-infinitum.com.mx	0	1970-01-01 00:00:00	46	2014-11-30 16:01:54
457	461	foto0-461.jpg	foto1-461.jpg	foto2-461.jpg	foto3-461.jpg	foto4-461.jpg						plano0-461.jpg															Copia del plano.					1	1	187.175.1.164	dsl-187-175-1-164-dyn.prod-infinitum.com.mx	0	1970-01-01 00:00:00	46	2014-11-30 16:44:03
458	462	foto0-462.jpg	foto1-462.jpg	foto2-462.jpg								plano0-462.jpg															Copia del plano.					1	1	189.243.88.91	dsl-189-243-88-91-dyn.prod-infinitum.com.mx	0	1970-01-01 00:00:00	46	2014-12-01 20:22:11
459	463	foto0-463.jpg	foto1-463.jpg	foto2-463.jpg	foto3-463.jpg	foto4-463.jpg	foto5-463.jpg					plano0-463.jpg															Copia del plano.					1	1	189.236.200.11	dsl-189-236-200-11-dyn.prod-infinitum.com.mx	0	1970-01-01 00:00:00	46	2014-12-04 17:51:48
460	464	foto0-464.jpg	foto1-464.jpg	foto2-464.jpg								plano0-464.jpg															Copia del plano.					1	1	189.243.88.91	dsl-189-243-88-91-dyn.prod-infinitum.com.mx	0	1970-01-01 00:00:00	46	2014-12-01 21:38:10
461	465	foto0-465.jpg	foto1-465.jpg	foto2-465.jpg								plano0-465.jpg															Copia del plano					1	1	189.243.88.194	dsl-189-243-88-194-dyn.prod-infinitum.com.mx	0	1970-01-01 00:00:00	46	2014-12-03 12:34:44
462	466											plano0-466.jpg															Copia del plano.					1	1	189.243.88.194	dsl-189-243-88-194-dyn.prod-infinitum.com.mx	0	1970-01-01 00:00:00	46	2014-12-03 13:39:06
463	467											plano0-467.jpg															Copia del plano.					1	1	189.243.88.194	dsl-189-243-88-194-dyn.prod-infinitum.com.mx	0	1970-01-01 00:00:00	46	2014-12-03 13:51:56
464	468											plano0-468.jpg															Copia del plano.					1	1	189.243.88.194	dsl-189-243-88-194-dyn.prod-infinitum.com.mx	0	1970-01-01 00:00:00	46	2014-12-03 14:01:32
465	469											plano0-469.jpg															Copia del plano. 					1	1	189.243.88.194	dsl-189-243-88-194-dyn.prod-infinitum.com.mx	0	1970-01-01 00:00:00	46	2014-12-03 14:13:15
466	470											plano0-470.jpg															Copia del plano.					1	1	189.243.88.194	dsl-189-243-88-194-dyn.prod-infinitum.com.mx	0	1970-01-01 00:00:00	46	2014-12-03 14:24:26
467	471											plano0-471.jpg															Copia del plano.					1	1	189.243.88.194	dsl-189-243-88-194-dyn.prod-infinitum.com.mx	0	1970-01-01 00:00:00	46	2014-12-03 14:59:51
468	472	foto0-472.jpg	foto1-472.jpg	foto2-472.jpg								plano0-472.jpg															Copia del plano.					1	1	189.236.200.11	dsl-189-236-200-11-dyn.prod-infinitum.com.mx	0	1970-01-01 00:00:00	46	2014-12-04 10:46:42
469	473	foto0-473.jpg	foto1-473.jpg	foto2-473.jpg								plano0-473.jpg															Copia del plano.					1	1	189.236.229.18	dsl-189-236-229-18-dyn.prod-infinitum.com.mx	0	1970-01-01 00:00:00	46	2014-12-07 11:16:05
470	474	foto0-474.jpg	foto1-474.jpg	foto2-474.jpg								plano0-474.jpg															Copia del plano.					1	1	189.236.200.11	dsl-189-236-200-11-dyn.prod-infinitum.com.mx	0	1970-01-01 00:00:00	46	2014-12-04 18:09:25
471	475	foto0-475.jpg	foto1-475.jpg	foto2-475.jpg								plano0-475.jpg															Copia del plano.					1	1	189.236.200.11	dsl-189-236-200-11-dyn.prod-infinitum.com.mx	0	1970-01-01 00:00:00	46	2014-12-04 18:17:07
472	476	foto0-476.jpg	foto1-476.jpg	foto2-476.jpg								plano0-476.jpg															Copia del plano.					1	1	189.236.200.11	dsl-189-236-200-11-dyn.prod-infinitum.com.mx	0	1970-01-01 00:00:00	46	2014-12-04 18:20:54
473	477	foto0-477.jpg	foto1-477.jpg	foto2-477.jpg								plano0-477.jpg															Copia del plano.					1	1	187.175.68.14	dsl-187-175-68-14-dyn.prod-infinitum.com.mx	0	1970-01-01 00:00:00	46	2014-12-06 18:21:07
474	478	foto0-478.jpg	foto1-478.jpg	foto2-478.jpg								plano0-478.jpg															Copia del plano.					1	1	187.175.68.14	dsl-187-175-68-14-dyn.prod-infinitum.com.mx	0	1970-01-01 00:00:00	46	2014-12-06 18:26:50
475	479	foto0-479.jpg	foto1-479.jpg	foto2-479.jpg								plano0-479.jpg															Copia del plano.					1	1	187.175.63.217	dsl-187-175-63-217-dyn.prod-infinitum.com.mx	0	1970-01-01 00:00:00	46	2014-12-05 18:46:48
476	480	foto0-480.jpg	foto1-480.jpg	foto2-480.jpg								plano0-480.jpg															Copia del plano. 					1	1	187.175.68.14	dsl-187-175-68-14-dyn.prod-infinitum.com.mx	0	1970-01-01 00:00:00	46	2014-12-06 18:34:21
477	481	foto0-481.jpg	foto1-481.jpg	foto2-481.jpg								plano0-481.jpg															Copia del plano.					1	1	189.236.229.18	dsl-189-236-229-18-dyn.prod-infinitum.com.mx	0	1970-01-01 00:00:00	46	2014-12-07 11:24:13
478	482											plano0-482.jpg															Copia del plano.					1	1	187.175.68.14	dsl-187-175-68-14-dyn.prod-infinitum.com.mx	0	1970-01-01 00:00:00	46	2014-12-06 11:39:03
479	483											plano0-483.jpg															Copia del plano.					1	1	187.175.68.14	dsl-187-175-68-14-dyn.prod-infinitum.com.mx	0	1970-01-01 00:00:00	46	2014-12-06 17:15:18
480	484											plano0-484.jpg															Copia del plano.					1	1	187.175.68.14	dsl-187-175-68-14-dyn.prod-infinitum.com.mx	0	1970-01-01 00:00:00	46	2014-12-06 18:59:24
481	485											plano0-485.jpg															Copia del plano.					1	1	187.175.68.14	dsl-187-175-68-14-dyn.prod-infinitum.com.mx	0	1970-01-01 00:00:00	46	2014-12-06 19:09:32
482	486	foto0-486.jpg	foto1-486.jpg	foto2-486.jpg	foto3-486.jpg	foto4-486.jpg	foto5-486.jpg					plano0-486.jpg															Copia del plano.					1	1	189.236.230.200	dsl-189-236-230-200-dyn.prod-infinitum.com.mx	0	1970-01-01 00:00:00	46	2014-12-08 12:05:05
483	487	foto0-487.jpg	foto1-487.jpg	foto2-487.jpg								plano0-487.jpg															Copia del plano.					1	1	189.236.230.200	dsl-189-236-230-200-dyn.prod-infinitum.com.mx	0	1970-01-01 00:00:00	46	2014-12-08 16:11:58
484	488	foto0-488.jpg	foto1-488.jpg	foto2-488.jpg								plano0-488.jpg															Copia del plano.					1	1	187.175.7.114	dsl-187-175-7-114-dyn.prod-infinitum.com.mx	0	1970-01-01 00:00:00	46	2014-12-29 16:29:01
485	489											plano0-489.jpg															Copia del plano.					1	1	189.236.230.200	dsl-189-236-230-200-dyn.prod-infinitum.com.mx	0	1970-01-01 00:00:00	46	2014-12-08 16:50:25
486	490	foto0-490.jpg	foto1-490.jpg	foto2-490.jpg	foto3-490.jpg	foto4-490.jpg	foto5-490.jpg					plano0-490.jpg					VISTA INTERIOR DEL PREDIO	CALLEJON DE ACCESO	VISTA GENRAL DE LA COLINDANCIA ESTE	VISTA GENERAL DE LA COLINDANCIA OESTE	FRENTE DEL PREDIO	VISTA  INTERIOR DEL PREDIO					PLANO DEL PREDIO					1	1	189.133.116.175	dsl-189-133-116-175-dyn.prod-infinitum.com.mx	0	1970-01-01 00:00:00	41	2014-12-11 14:43:06
487	491	foto0-491.jpg	foto1-491.jpg	foto2-491.jpg	foto3-491.jpg	foto4-491.jpg	foto5-491.jpg					plano0-491.jpg																				1	1	189.133.116.175	dsl-189-133-116-175-dyn.prod-infinitum.com.mx	0	1970-01-01 00:00:00	41	2014-12-12 01:51:22
488	492	foto0-492.jpg	foto1-492.jpg	foto2-492.jpg	foto3-492.jpg	foto4-492.jpg	foto5-492.jpg					plano0-492.jpg					CALLE DE ACCESO	SERVIDUMBRE DE PASO	SERVIDUMBRE DE PASO	VISTA GENERAL DEL INTERIOR	VISTA GENERAL DEL INTERIOR											1	1	189.133.83.237	dsl-189-133-83-237-dyn.prod-infinitum.com.mx	0	1970-01-01 00:00:00	41	2014-12-22 17:31:54
489	493	foto0-493.jpg	foto1-493.jpg	foto2-493.jpg	foto3-493.jpg	foto4-493.jpg	foto5-493.jpg					plano0-493.jpg															PLANO TAMAÑO OFICIO CON TABLAS DE COORDENADAS					1	1	189.133.106.155	dsl-189-133-106-155-dyn.prod-infinitum.com.mx	0	1970-01-01 00:00:00	41	2014-12-19 17:24:10
490	494											plano0-494.jpg															Copia del plano.					1	1	187.175.35.180	dsl-187-175-35-180-dyn.prod-infinitum.com.mx	0	1970-01-01 00:00:00	46	2014-12-15 21:00:47
491	495											plano0-495.jpg															Copia del plano.					1	1	189.236.227.251	dsl-189-236-227-251-dyn.prod-infinitum.com.mx	0	1970-01-01 00:00:00	46	2014-12-16 16:10:45
492	496	foto0-496.jpg	foto1-496.jpg	foto2-496.jpg								plano0-496.jpg															Copia del plano.					1	1	187.175.57.94	dsl-187-175-57-94-dyn.prod-infinitum.com.mx	0	1970-01-01 00:00:00	46	2014-12-17 18:34:42
493	497	foto0-497.jpg	foto1-497.jpg	foto2-497.jpg								plano0-497.jpg															Copia del plano.					1	1	187.175.68.180	dsl-187-175-68-180-dyn.prod-infinitum.com.mx	0	1970-01-01 00:00:00	46	2014-12-16 23:20:31
494	498											plano0-498.jpg															Copia del plano.					1	1	187.175.32.161	dsl-187-175-32-161-dyn.prod-infinitum.com.mx	0	1970-01-01 00:00:00	46	2014-12-17 11:03:23
495	499											plano0-499.jpg															Copia del plano.					1	1	187.175.57.94	dsl-187-175-57-94-dyn.prod-infinitum.com.mx	0	1970-01-01 00:00:00	46	2014-12-17 17:15:57
496	500											plano0-500.jpg															Copia del plano.					1	1	189.236.227.193	dsl-189-236-227-193-dyn.prod-infinitum.com.mx	0	1970-01-01 00:00:00	46	2014-12-18 11:30:11
497	501	foto0-501.jpg	foto1-501.jpg	foto2-501.jpg	foto3-501.jpg	foto4-501.jpg	foto5-501.jpg					plano0-501.jpg					VISTA DE LA CALLE DE UBICACION DEL EDIFICIO	SALA-COMEDOR, TIPO PARA LOS TRES DEPTOS.	COCINA, TIPO PARA LOS TRES DEPTOS.	RECAMARA TIPO PARA LOS TRES DEPTOS	BAÑO TIPO PARA LOS TRES DEPTOS	PASILLO DE DISTRIBUCION PARA LOS TRES DEPTOS.					PLANTA ARQUITECTONICA TIPO PARA LOS TRES DEPTOS.					1	1	189.133.83.237	dsl-189-133-83-237-dyn.prod-infinitum.com.mx	0	1970-01-01 00:00:00	41	2014-12-18 19:01:08
498	502	foto0-502.jpg	foto1-502.jpg	foto2-502.jpg	foto3-502.jpg	foto4-502.jpg	foto5-502.jpg					plano0-502.jpg					FRENTE DEL PREDIO	CALLE DE ACCESO	CALLE DE ACCESO	VISTA GENERAL DEL INTERIOR	VISTA  INTERIOR DEL PREDIO						PLANO TOPOGRAFICO					1	1	189.133.83.237	dsl-189-133-83-237-dyn.prod-infinitum.com.mx	0	1970-01-01 00:00:00	41	2014-12-21 17:10:21
499	503											plano0-503.jpg															Copia del plano.					1	1	187.175.60.6	dsl-187-175-60-6-dyn.prod-infinitum.com.mx	0	1970-01-01 00:00:00	46	2014-12-20 22:00:08
500	504	foto0-504.jpg	foto1-504.jpg	foto2-504.jpg								plano0-504.jpg															Copia del plano.					1	1	189.236.201.233	dsl-189-236-201-233-dyn.prod-infinitum.com.mx	0	1970-01-01 00:00:00	46	2014-12-21 11:29:36
501	505	foto0-505.jpg	foto1-505.jpg	foto2-505.jpg	foto3-505.jpg	foto4-505.jpg	foto5-505.jpg					plano0-505.jpg					CALLEJON FARO DE ALEJANDRIA	CALLEJON FARO DE JEREZ	VISTA  INTERIOR DEL PREDIO	VISTA INTERIOR DEL PREDIO	VISTA INTERIOR DEL PREDIO	VISTA INTERIOR DEL PREDIO										1	1	189.133.83.237	dsl-189-133-83-237-dyn.prod-infinitum.com.mx	0	1970-01-01 00:00:00	41	2014-12-23 02:10:28
502	506	foto0-506.jpg	foto1-506.jpg	foto2-506.jpg	foto3-506.jpg	foto4-506.jpg	foto5-506.jpg					plano0-506.jpg					CALLE DE ACCESO EN CONSTRUCCION	VISTA GENERAL DEL PREDIO	VISTA GENERAL DEL PREDIO	VISTA GENERAL DEL PREDIO	VISTA GENERAL DEL PREDIO	VISTA GENERAL DEL PREDIO					PLANO TOPOGRAFICO					1	1	189.133.119.215	dsl-189-133-119-215-dyn.prod-infinitum.com.mx	0	1970-01-01 00:00:00	41	2015-01-03 12:20:34
503	507											plano0-507.jpg															Copia del plano. 					1	1	187.175.39.177	dsl-187-175-39-177-dyn.prod-infinitum.com.mx	0	1970-01-01 00:00:00	46	2015-01-04 13:02:18
504	508											plano0-508.jpg															Copia del plano.					1	1	187.175.39.177	dsl-187-175-39-177-dyn.prod-infinitum.com.mx	0	1970-01-01 00:00:00	46	2015-01-04 17:58:20
505	509	foto0-509.jpg	foto1-509.jpg	foto2-509.jpg								plano0-509.jpg															Copia del plano.					1	1	189.133.202.137	dsl-189-133-202-137-dyn.prod-infinitum.com.mx	0	1970-01-01 00:00:00	2	2015-01-05 14:26:55