137	136				1	NO EXISTEN	CASA HABITACIÓN DISTRIBUIDA EN TRES NIVELES: EL PRIMER NIVEL HAY AL INTERIOR UN ESTUDIO CON MEDIO BAÑO CON DOS ACCESOS, (UNO INDEPENDIENTE Y EL OTRO DESDE EL INTERIOR DE LA CASA), 1 (UN) MEDIO BAÑO PARA USO GENERAL, COCINA, 1 (UNA) RECÁMARA CON BAÑO, COMEDOR,  LA ESCALERA QUE COMUNICA LOS DOS NIVELES SUPERIORES, Y SALA, AL EXTERIOR TIENE COCHERA CUBIERTA PARA 2 (DOS) AUTOMÓVILES, PATIO DE SERVICIO EN LA PARTE TRACERA, Y AL FRENTE TIENE UN RECIBIDOR SIN TECHAR; EN EL SEGUNDO NIVEL HAY UN VESTÍBULO QUE DISTRIBUYE UN ESTUDIO, 4 (CUATRO) RECÁMARAS CON BAÑO Y UNA (LA PRINCIPAL) TIENE VESTIDOR Y UNA TERRAZA QUE DA HACIA EL FRENTE; EN EL TERCER NIVEL (AZOTEA) HAY 1 (UNA) RECÁMARA CON BAÑO, Y 1 (UN) CUARTO DE SERVICIO CON BAÑO.	3	2							9	12	20	1	2	3				39	6	1				7	6	1				7	14	1				5	15	1				7	14	1				24	1	22				7	6	1				24	6	1	RED OCULTA CON SALIDAS SUFICIENTES	RED OCULTA CON SALIDAS SUFICIENTES	PUERTAS DE COMUNICACIÓN ABATIBLES, CONSTRUIDAS A BASE DE MADERA, ENTAMBORADAS CON TRIPLAY Y ACABADAS CON BARNIZ TRANSPARENTE BRILLOSO, TIENE CLOSETS C	TIENE REJA AL FRENTE Y PROTECCIONES EN VENTANAS, SON ELEMENTOS FABRICADOS A BASE DE BARRAS DE ACERO AL CARBÓN EN SECCIÓN CUADRADA, ACABADAS CON PINTUR	264	0	264	0	475.79	0	264	0	201.122.96.38	dsl-201-122-96-38-sta.prod-empresarial.com.mx	0	1970-01-01	25	2014-08-22
142	141	croquis-141.jpg	fachada-141.jpg	SEGÚN ESCRITURA PUBLICA No. 3,501  VOLUMEN: 71\r\nPASADA ANTE LA FE DEL LIC. OMAR HERNÁNDEZ SÁNCHEZ, NOTARIA PUBLICA No. 25, DEL PATRIMONIO INMUEBLE FEDERAL, CON ADSCRIPCIÓN EN EL MUNICIPIO DE CENTRO Y SEDE EN LA CIUDAD DE VILLAHERMOSA, TABASCO..DE FECHA 05 DEL MES DE JUNIO DEL AÑO 1998\r\n\r\nAL NORTE: 7.00 mts, CON LOTE 22 \r\nAL SUR: 7.00 mts. CON EL CIRCUITO  LAGUNA EL PAJARAL \r\nAL ESTE: 15.00 mts. CON LOTE 8 \r\nAL OESTE: 15.00 mts. CON LOTE 10	1	LAS ESTABLECIDAS EN EL REGLAMENTO DE CONSTRUCCION VIGENTES PARA EL MUNICIPIO DE CENTRO, TABASCO.	SE TRATA DE UNA CASA HABITACIÓN DE 2 NIVELES Y AREA DE\r\nSERVICIO, DE ESTILO MODERNO. DISTRIBUIDO DE LA SIGUIENTE MANERA: EN PLANTA BAJA; ACCESO PRINCIPAL, COCHERA, UNA RECAMARA,  SALA, COMEDOR, COCINA, PATIO DE SERVICIO, BAÑO,ESALERAS QUE SUBE A P. ALTA,  Y PATIOS DE SERVICIO. EN PLANTA ALTA: ESCALERA A PLANTA DE SERVICIO O LAVADERO, SALA DE TV. O FAMILIAR, 4 RECAMARAS,  SALA FAMILIAR, Y VACIOS DE LUZ, EN PLANTA DE AZOTEA O SERVICIO; UNA AREA DE LAVADERO QUE SALE A AZOTEA EN GENERAL.	2	1	se suponen de zapatas corridas de concreto Armado.	se supone columnas y castillos, de concreto armado	se suponen muros medianeros y de centro de block cemento arena	se suponen de losa plana maciza de concreto armado de 10cms.	se suponen de losa plana maciza de concreto armado de 10cms.	Las Medianeras y de frente en su fachada.	5	10	1	1	2	8	LOSETA DE TIPO VITROPISO 	APLANADO DE CEMENTO Y PINTURA VINILICA	APLANADO DE CEMENTO Y PINTURA VINILICA	24	3	3	LOSETA DE TIPO VITROPISO 	APLANADO DE CEMENTO Y PINTURA VINILICA	APLANADO DE CEMENTO Y PINTURA VINILICA	24	3	3	LOSETA DE TIPO VITROPISO ANTIDERRAPANTE	PINTURA VINILICA Y LAMBRIN DE LOSETA	APLANADO DE CEMENTO Y PINTURA VINILICA	24	3	3	EN OBRA GRIS EN GENERAL	EN OBRA GRIS TODO EL DUCTO	EN OBRA GRIS Y PINTURA VINILICA	24	3	3	LOSETA DE TIPO VITROPISO Y LAMBRIN	APLANADO DE CEMENTO Y PINTURA VINILICA	APLANADO DE CEMENTO Y PINTURA VINILICA	24	3	3	DE CEMENTO RUSTICO	EN OBRA GRIS	SIN PLAFON.	1	10	3	LOSETA DE TIPO VITROPISO 	APLANADO DE CEMENTO Y PINTURA VINILICA	APLANADO DE CEMENTO Y PINTURA VINILICA	24	3	3	APLANADO DE CEMENTO Y PINTURA VINILICA	APLANADO DE CEMENTO Y PINTURA VINILICA	APLANADO DE CEMENTO Y PINTURA VINILICA EN MARQUESI	53	4	10	Instalaciones ocultas con Tubería de Cobre en Alimentaciones; Sanitarias Ocultas con tuberías de PVC, En bajadas de Aguas negras y pluviales y conexio	Ocultas con salidad normales, en uso.	En puertas entamboradas, de recamaras	Proteccion de herreria en acceso Principal, Garaje, en Ventanas Interiores de aluminio tipo duranodi.	105	0	105	0	214.09	0	105	214.09	189.236.68.82	dsl-189-236-68-82-dyn.prod-infinitum.com.mx	0	1970-01-01	41	2014-08-15
192	191	croquis-191.jpg	fachada-191.jpg	AL NOROESTE EN:7.00 M; CON HIPOLITO HERNANDEZ PEREZ\r\nAL SURESTE EN:15.00 M; CON FELICITA ZACARIAS TRUJILLO\r\nAL SUROESTE EN:7.00 M; CON CALLE PRINCIPAL\r\nAL NOROESTE EN:15.00 M; CON NORMA SUAREZ CRUZ	1	LAS PROPIAS DEL REGLAMENTO DE CONSTRUCCION MUNICIPAL VIGENTE.	SE TRATA DE UN PREDIO RUSTICO, DE FORMA TOPOGRAFICA REGULAR, DE CUATRO VERTICES, A NIVEL DE CALLE SIN CONSTRUCCION ALGUNA, Y CUBIERTO TOTALMENTE DE MALESA DE LA REGION. 	1	1		NO APLICA	NO APLICA	NO APLICA	NO APLICA	NO APLICA	24	28	30	8	13	9	NO PLICA	NO PLICA	NO APLICA	54	0	0	NO APLICA	NO APLICA	NO APLICA	0	10	0	NO APLICA	NO APLICA	NO APLICA	0	0	20	NO APLICA	NO APLICA	NO APLICA	0	10	0	NO APLICA	NO APLICA	NO APLICA	54	0	0	NO APLICA	NO APLICA	NO APLICA	0	10	0	NO APLICA	NO APLICA	NO APLICA	0	0	20	NO APLICA	NO APLICA	NO APLICA	54	10	0	NO APLICA	NO APLICA	NO APLICA	NO APLICA	105	0	105	0	0	0	105	105	189.236.68.82	dsl-189-236-68-82-dyn.prod-infinitum.com.mx	0	1970-01-01	41	2014-08-15
193	192	croquis-192.jpg	fachada-192.jpg		5	No se aprecian	El terreno es un polígono irregular de seis vértices al mismo nivel de piso de la carretera colindante, actualmente aloja una construcción de tipo industrial.\r\nNota: En el presente formato donde dice tipo de inmueble, se tomo la opción de vivienda múltiple, pues no cuenta con la opción de tipo industrial. \r\n\r\n	1	1							20	26	1	7	30	8				1	2	10				1	2	10				1	2	10				53	10	10				1	2	10				49	2	10				52	10	10				53	10	10	Instalaciones Ocultas y Fosa Séptica	Instalaciones Ocultas		Herreria estructural a base de redondos y cuadrados macizos	8724.05	0	8724.05	0	815.74	0	8724.05	8724.05	187.175.60.139	dsl-187-175-60-139-dyn.prod-infinitum.com.mx	0	1970-01-01	46	2014-08-12
195	194				1	cvbxcv bxvbxcvbxcvbxc v	xcvbxcvb xcvbxcv b xcvbxcv	1	1							11	13	12	4	14	7				1	2	5				2	1	0				2	1	1				0	4	0				17	1	0				17	0	14				16	0	0				0	0	15	xcvbx	xvbxcvb	xcvbxcv	xcvbxc	150	0	1510	0	0	0	0	0	187.175.58.74	dsl-187-175-58-74-dyn.prod-infinitum.com.mx	0	1970-01-01	46	2014-08-21
196	195	croquis-195.jpg	fachada-195.jpeg		1			1	1							24	28	30	8	45	9				53	15	22				53	15	22				53	15	22				53	15	22				53	15	17				53	15	22				53	15	22				53	15	22					0	0	0	0	0	0	0	0	189.133.61.176	dsl-189-133-61-176-dyn.prod-infinitum.com.mx	0	1970-01-01	1	2014-08-14
197	196	croquis-196.jpg	fachada-196.jpg		1	Las Indicadas por el reglamento de construcción vigente en el Estado de Tabasco.	SE TRATA DE UN PREDIO RÚSTICO, DE FORMA TOPOGRÁFICA REGULAR, DE 4 VÉRTICES (TEMPLO), A NIVEL DE CALLE EN EL CUAL SE UBICA UNA CONSTRUCCIÓN DESTINADA AL USO DE SERVICIO RELIGIOSO Y SE DISTRIBUYE DE LA SIGUIENTE MANERA: SALÓN DE CULTO (AUDITORIO), ÁREA DE USO MÚLTIPLE,  Y AUDITORIO.	1	1							15	1	1	7	17	4				1	8	21				1	10	4				1	1	10				53	15	22				1	1	10				1	1	10				1	1	10				2	15	10	En Servicio actual, ocultas	Oocultas y Visibles	Inexistentes	En Protecciones Principales y ventanerías.	1071.41	0	1071.41	0	130.75	0	1071.41	1071.41	189.133.87.176	dsl-189-133-87-176-dyn.prod-infinitum.com.mx	0	1970-01-01	41	2014-10-06
200	199	croquis-199.jpg	fachada-199.jpg		1	LAS ESTABLECIDAS POR EL REGLAMENTO DE CONSTRUCCION VIGENTE EN EL MUNICIPIO DE CENTRO 	SE TRATA DE UN PREDIO EN UN ENTORNO URBANO SIN ACCESO DEFINIDO, DE TERRENO PLANO HORIZONTAL, DE FORMA TOPOGRAFICA REGULAR, DE CUATRO VERTICES, EN EL CUAL EXISTE UNA CONSTRUCCIÓN DESARROLLADA EN UN SOLO NIVEL, CON TECHO DE LÁMINA DESTINADA AL USO HABITACIONAL, Y DISTRIBUIDA DE LA SIGUIENTE MANERA:  PÓRTICO, SALA-COMEDOR, DOS RECAMARAS, BAÑO DE USO COMÚN EN DOS CUERPOS (CUERPO 1.- TAZA, CUERPO 2.- REGADERA), COCINA Y PATIO DE SERVICIO.  	1	1							9	10	1	7	6	8				2	1	0				2	1	0				2	1	0				0	0	0				2	1	0				0	0	0				0	0	0				0	0	0	Instalaciones ocultas con Tubería de Cobre en Alimentaciones; Sanitarias Ocultas con tuberías de PVC, 	Instalacion visible por techo y muros con cables del numero 12	no existe	puerta principal e interiores de herreria tropical con ante pecho de lamina estriada y ventanas de herreria tropical en paños tipo persiana	80.3	0	80.3	0	40.89	0	40.89	40.89	189.236.68.82	dsl-189-236-68-82-dyn.prod-infinitum.com.mx	0	1970-01-01	41	2014-08-16
202	201	croquis-201.jpg	fachada-201.jpg		1			1	1							2	4	13	3	16	8				0	0	0				0	0	0				0	0	0				0	0	0				0	0	0				0	0	0				0	0	0				0	0	0					0	0	0	0	0	0	0	0	187.165.201.111	187-165-201-111.static.axtel.net	0	1970-01-01	50	2014-08-19
204	203	croquis-203.jpg	fachada-203.jpg		1	Ninguna	Casa habitación en dos niveles con acabados de buena calidad .	2	1							5	1	1	2	1	4				9	1	1				5	1	1				8	11	1				9	1	1				9	1	1				1	1	1				9	1	1				1	1	22	A base de tubería de cobre y tubería sanitaria de PVC.	Son ocultas a base de cable del número 12 y 14 entubadas con tubo de 3/4 color naranja .	Puertas interiores.	En protecciones y portón de acceso.	115	100	115	100	91.86	0	91.86	91.86	189.236.71.216	dsl-189-236-71-216-dyn.prod-infinitum.com.mx	0	1970-01-01	52	2014-08-28
205	204	croquis-204.jpg	fachada-204.jpg		1	NO SE APRECIAN	Poligono irregular de 4 vertices al mismo nivel de la calle que consta de 3 construcciones de casa habitación en estado regular.	1	3							5	4	1	7	19	8				1	1	18				1	1	18				1	1	18				0	0	0				1	1	18				0	0	0				0	0	0				1	1	0	Existentes conectadas a fosa septica	Instalacion visible		Puertas y Ventanas	787.15	0	787.15	0	183.14	0	787.15	787.15	187.175.58.74	dsl-187-175-58-74-dyn.prod-infinitum.com.mx	0	1970-01-01	46	2014-08-21
207	206	croquis-206.jpg			1	no	El terreno es un polígono regular de cuatro vértices que actualmente aloja una construcción resuelta en un planta, constituida por las siguientes áreas: cochera, sala, comedor, cocina, un baño y dos recámaras.	1	1							1	2	1	8	9	9				19	1	22				19	1	22				19	1	22				53	15	22				19	1	22				53	15	22				19	1	22				19	1	22	oculta.	visible.	puertas y ventanas	puertas y ventanas	400	0	400	0	91	0	400	400	187.175.58.74	dsl-187-175-58-74-dyn.prod-infinitum.com.mx	0	1970-01-01	46	2014-08-21
208	207	croquis-207.jpg	fachada-207.jpg		1	NO	El terreno es un polígono regular de cuatro vértices con construcción.	2	1							9	2	1	8	1	9				23	1	1				23	1	1				23	1	1				23	1	1				23	1	1				23	1	1				23	1	1				23	1	1	Completas.	Ocultas.	Puertas.	Puertas y ventanas de herrería y aluminio.	133	0	133	0	156.54	0	133	133	189.243.91.172	dsl-189-243-91-172-dyn.prod-infinitum.com.mx	0	1970-01-01	46	2014-08-24
209	208	croquis-208.jpg	fachada-208.jpg		12	NO	El terreno es un polígono regular de cuatro vértices, sin construcción.	1	1							24	28	30	8	45	9				54	10	20				54	10	20				54	10	20				54	10	20				54	10	20				54	10	20				54	10	20				54	10	20	No aplica	No aplica	No aplica	No aplica	800	0	800	0	0	0	800	800	187.175.69.51	dsl-187-175-69-51-dyn.prod-infinitum.com.mx	0	1970-01-01	46	2014-08-28
210	209	croquis-209.jpg			7	DERECHO DE VÍA.	SE TRATA DE UN PREDIO REGULAR, PLANO, CONFORMADO POR CUATRO VÉRTICES A NIVEL DE LA CARRETERA VECINAL DE SU UBICACIÓN, ACTUALMENTE BALDÍO.	1	1							24	28	30	8	45	9				53	15	22				53	15	22				53	15	22				53	15	22				53	15	22				53	15	22				53	15	22				53	15	22	NO APLICA	NO APLICA	NO APLICA	NO APLICA	9019.28	100	9019.28	100	0	100	9019.28	9019.28	177.233.66.134	host-177-233-66-134.static.metrored.net.mx	0	1970-01-01	9	2014-09-04
212	211	croquis-211.jpg	fachada-211.jpg		12	Ninguna	Predio rural dedicado a la ganadería en temporada de sequía.	1	1							24	28	30	8	45	9				0	0	0				0	0	0				0	0	0				0	0	0				0	0	0				0	0	0				0	0	0				0	0	0					68.295	100	68.295	100	0	0	68.295	68.295	189.236.254.45	dsl-189-236-254-45-dyn.prod-infinitum.com.mx	0	1970-01-01	52	2014-09-02
213	212	croquis-212.jpg	fachada-212.jpeg		12	NO TIENE.	El terreno es un polígono irregular de cuatro vértices, sin construcción.	1	1							24	28	30	8	45	9				54	10	20				54	10	20				54	10	20				54	10	20				54	10	20				54	10	20				54	10	20				54	10	20	No aplica.	No aplica.	No aplica.	No aplica.	8900	0	8900	0	0	0	8900	8900	187.175.1.141	dsl-187-175-1-141-dyn.prod-infinitum.com.mx	0	1970-01-01	46	2014-08-26
214	213	croquis-213.jpg	fachada-213.jpg		1		El terreno es un polígono irregular de cuatro vértices, con una construcción resuelta en una planta compuesta por sala, comedor, cocina y una recámara.	1	1							2	4	1	8	7	9				1	1	22				1	1	22				1	1	22				53	15	22				1	1	22				53	15	22				53	15	22				1	1	22	Instalaciones ocultas.	Instalaciones visibles.	No aplica.	Puertas y ventanas de herrería.	57.09	0	57.09	0	43.03	0	57.09	57.09	187.175.3.127	dsl-187-175-3-127-dyn.prod-infinitum.com.mx	0	1970-01-01	46	2014-08-26
215	214	croquis-214.jpg	fachada-214.jpg		1	Ninguna	Condominio costituido por una cocina, sala comedor, tres recamars, dos pozos de luz , escalera y cajón para dos vehículos.	1	1							1	1	1	1	1	3				9	1	1				9	1	1				20	11	1				1	1	1				9	1	1				1	1	22				1	1	22				1	4	22	Posible tubería de cobre hidraulico y tubería de pvc en las instalaciones sanitarias.	Instalaciones ocultas y cable del número 10 y 12 con sus respectivos centros de carga.	En puertas interiores y closset.	En puerta principal y protecciones.	93.5	24.62	93.5	24.62	93.5	0	93.5	93.5	189.236.71.216	dsl-189-236-71-216-dyn.prod-infinitum.com.mx	0	1970-01-01	52	2014-08-26
216	215	croquis-215.jpg			12	NO TIENE	El terreno es un polígono irregular de seis vértices, sin construcción. 	1	1							24	28	30	8	45	9				53	0	0				53	0	0				53	0	0				53	0	0				53	0	0				53	0	0				53	0	0				53	0	0	No aplica	No aplica	No aplica	No aplica	3150.31	0	3150.31	0	0	0	3150.31	3150.31	187.175.3.127	dsl-187-175-3-127-dyn.prod-infinitum.com.mx	0	1970-01-01	46	2014-08-26
217	216	croquis-216.jpg			12	NO	El terreno es un polígono regular de cuatro vértices, sin construcción. 	1	1							24	28	30	8	45	9				53	0	0				53	0	0				53	0	0				53	0	0				53	0	0				53	0	0				53	0	0				53	0	0	No aplica	No aplica	No aplica	No aplica	1091.7	0	1091.7	0	0	0	1091.7	1091.7	187.175.3.127	dsl-187-175-3-127-dyn.prod-infinitum.com.mx	0	1970-01-01	46	2014-08-26
218	217	croquis-217.jpg			12	NO	El terreno es un polígono irregular de cuatro vértices sin construcción. 	1	1							24	28	30	8	45	9				53	0	0				53	0	0				53	0	0				53	0	0				53	0	0				53	0	0				53	0	0				53	0	0	No aplica	No aplica	No aplica	No aplica	846.5	0	846.5	0	0	0	846.5	846.5	187.175.3.127	dsl-187-175-3-127-dyn.prod-infinitum.com.mx	0	1970-01-01	46	2014-08-26
219	218	croquis-218.jpg			12	NO	El terreno es un polígono irregular de cuatro vértices, sin construcción. 	1	1							24	28	30	8	45	9				53	0	0				53	0	0				53	0	0				53	0	0				53	0	0				53	0	0				53	0	0				53	0	0	No aplica	No aplica	No aplica	No aplica	392	0	392	0	0	0	392	392	187.175.68.161	dsl-187-175-68-161-dyn.prod-infinitum.com.mx	0	1970-01-01	46	2014-09-02
220	219	croquis-219.jpg			12	NO	El terreno es un polígono irregular de cuatro vértices sin construcción.	1	1							24	28	30	8	45	9				53	0	0				53	0	0				53	0	0				53	0	0				53	0	0				53	0	0				53	0	0				53	0	0					179.58	0	179.58	0	0	0	179.58	179.58	187.175.3.127	dsl-187-175-3-127-dyn.prod-infinitum.com.mx	0	1970-01-01	46	2014-08-26
221	220	croquis-220.jpg			12	NO	El terreno es un polígono irregular de cuatro vértices, sin construcción. 	1	1							24	28	30	8	45	9				53	0	0				53	0	0				53	0	0				53	0	0				53	0	0				53	0	0				53	0	0				53	0	0					52.19	0	52.19	0	0	0	52.19	52.19	187.175.3.127	dsl-187-175-3-127-dyn.prod-infinitum.com.mx	0	1970-01-01	46	2014-08-26
223	222	croquis-222.jpg			12	NO	El terreno es un polígono irregular de cuatro vértices sin construcción. 	1	1							24	28	30	8	45	9				53	0	0				53	0	0				53	0	0				53	0	0				53	0	0				53	0	0				53	0	0				53	0	0					139.88	0	139.88	0	0	0	139.88	139.88	187.175.69.51	dsl-187-175-69-51-dyn.prod-infinitum.com.mx	0	1970-01-01	46	2014-08-27
225	224	croquis-224.jpg			12	NO	El terreno es un polígono irregular de seis vértices, sin construcción. 	1	1							24	28	30	8	45	9				54	0	0				54	0	0				54	0	0				54	0	0				54	0	0				54	0	0				54	0	0				54	0	0	NO APLICA	NO APLICA	NO APLICA	NO APLICA	5000	0	5000	0	0	0	5000	5000	187.175.33.35	dsl-187-175-33-35-dyn.prod-infinitum.com.mx	0	1970-01-01	46	2014-08-29
227	226	croquis-226.jpg	fachada-226.jpg		1	LAS ESTABLECIDAS EN EL REGLAMENTO DE CONSTRUCCION VIGENTE DEL MUNICIPIO DE CENTRO, TABASCO	CASA-HABITACION RESUELTA EN DOS NIVELES, DESTINADA AL USO HABITACIONAL Y DISTRIBUIDA DE LA SIGUIENTE MANERA: PLANTA BAJA.-COCHERA TECHADA PARA DOS AUTOS, SALA-COMEDOR, 1/2 BAÑO, ESCALERAS DE SERVICIO A LA PLANTA ALTA, COCINA Y PATIO DE SERVICIO; PLANTA ALTA.-   TRES RECAMARAS CON CLOSET CADA UNA (UNA CON BAÑO INTEGRADO), BAÑO DE USO COMUN Y ESCALERAS DE SERVICIO A LA AZOTEA Y EN LA AZOTEA AREA DE SERVICIO CON BAÑO Y AREA DE LAVADO.	2	1							5	3	1	2	1	4				24	1	1				24	1	1				28	13	1				24	1	1				24	13	1				1	1	1				24	1	1				0	1	1	Instalaciones ocultas con Tubería de Cobre en Alimentaciones; Sanitarias Ocultas con tuberías de PVC, En bajadas de Aguas	Ocultas con salidad normales, en uso.	PUERTA PRINCIPAL DE MADERA DE CEDRO ACABADA EN BARNIS NATURAL Y PUERTAS INTERIORES ENTAMBORADAS DE TRIPLAY DE PINO ACABADAS EN BARNIZ NATURAL	PORTON DE COCHERA DE HERRERIA GALVANIZADA Y VENTANAS DE ALUMINIO NATURAL EN PAÑOS FIJOS CORREDIZOS	167	0	167	0	221.571	0	167	221.571	187.175.26.248	dsl-187-175-26-248-dyn.prod-infinitum.com.mx	0	1970-01-01	41	2014-09-01
230	229	croquis-229.jpg			1	NO	El terreno es un polígono irregular de cuatro vértices sin construcción.	1	1							24	28	30	8	45	9				54	0	0				54	0	0				54	0	0				54	0	0				54	0	0				54	0	0				54	0	0				54	0	0					129.78	0	129.78	0	0	0	129.78	129.78	187.175.33.35	dsl-187-175-33-35-dyn.prod-infinitum.com.mx	0	1970-01-01	46	2014-08-29
231	230	croquis-230.jpg			1	NO	El terreno es un polígono irregular de cuatro vértices sin construcción. 	1	1							24	28	30	8	45	9				54	0	0				54	0	0				54	0	0				54	0	0				54	0	0				54	0	0				54	0	0				54	0	0					127.75	0	127.75	0	0	0	127.75	127.75	187.175.33.35	dsl-187-175-33-35-dyn.prod-infinitum.com.mx	0	1970-01-01	46	2014-08-29
232	231	croquis-231.jpg			1	NO	El terreno es un polígono regular de cuatro vértices con construcción. 	1	1							9	4	1	8	16	9				1	1	0				1	1	0				1	1	0				0	0	0				1	1	0				0	0	0				0	0	0				1	1	0	Tubería de cobre.	Instalaciones visibles.		Puertas y ventanas. 	127.75	0	127.75	0	39.75	0	127.75	127.75	187.175.33.35	dsl-187-175-33-35-dyn.prod-infinitum.com.mx	0	1970-01-01	46	2014-08-29
234	233	croquis-233.jpg	fachada-233.jpg		1	NO	El terreno es un polígono irregular de seis vértices con construcción. 	1	1							9	18	5	7	20	9				1	1	0				1	1	0				1	1	0				0	0	0				1	1	0				0	0	0				0	0	0				1	1	0	Instalaciones ocultas.	Instalaciones visibles.	Puertas de madera corriente.	Ventanas de herrería.	15000	0	15000	0	45	0	15000	15000	187.175.62.54	dsl-187-175-62-54-dyn.prod-infinitum.com.mx	0	1970-01-01	46	2014-08-31
235	234	croquis-234.jpg	fachada-234.jpg		1	NO	El terreno es un polígono irregular de cuatro vértices con construcción. 	1	1							9	18	5	7	20	9				1	1	0				1	1	0				1	1	0				0	0	0				1	1	0				0	0	0				0	0	0				1	1	0	Instalaciones ocultas.	Instalaciones visibles.	Puertas de madera corriente.	Ventanas de herrería.	5000	0	5000	0	45	0	5000	5000	187.175.62.54	dsl-187-175-62-54-dyn.prod-infinitum.com.mx	0	1970-01-01	46	2014-08-31
241	240	croquis-240.jpg			2	No se observaron	Se trata de un predio de forma irregular, plano,  conformado por cuatro vértices, a nivel de calle de su ubicación. Actualmente aloja una construcción resuelta en una planta, constituida por las áreas que a continuación se indican:  cuatro recámaras, dos baños, sala.	1	1							9	1	1	8	20	9				20	4	22				20	4	22				20	4	22				53	15	22				20	4	22				53	15	22				53	15	22				53	15	22	Oculta	Visible	N/A	Puertas y Ventanas	485.4	0	243.71	0	123.77	0	0	0	177.233.66.134	host-177-233-66-134.static.metrored.net.mx	0	1970-01-01	9	2014-09-01
242	241	croquis-241.jpg			7	SERVIDUMBRE DE PASO.	SE TRATA DE UN PREDIO DE FORMA REGULAR, PLANO, CONFORMADO POR CUATRO VÉRTICES A NIVEL DEL CAMINO DE ACCESO DE SU UBICACIÓN. ACTUALMENTE ALOJA UNA CONSTRUCCIÓN RESUELTA EN UNA PLANTA CONSTITUIDA POR LAS SIGUIENTES ÁREAS: UN ALERO,UN COMEDOR,UNA SALA,UNA COCINA,Y DOS RECAMARAS.	1	1							14	1	1	8	16	8				1	8	22				1	8	22				53	15	22				53	15	22				1	8	22				53	15	22				53	15	22				1	8	22	INST.HIDROSANITARIAS DE PVC Y COBRE	VISIBLES	NO APLICA	PUERTAS Y VENTANAS	1180.66	100	1180.66	100	76	100	1180.66	1180.66	177.233.66.134	host-177-233-66-134.static.metrored.net.mx	0	1970-01-01	9	2014-09-26
243	242	croquis-242.jpg			2	No se observaron	Se trata de un predio de forma irregular, plano,  conformado por cuatro vértices, a nivel de calle de su ubicación. Actualmente aloja una construcción resuelta en una planta, constituida por las áreas que a continuación se indican:  pasillo, una recámara, cocina, un baño, corredor.	1	1							9	3	1	8	17	9				20	4	22				53	15	22				20	4	22				53	15	22				20	4	22				53	15	22				53	15	22				53	15	22	oculta	visibles	N/A	Puertas y Ventanas	485.4	0	241.69	0	52.88	0	0	0	177.233.66.134	host-177-233-66-134.static.metrored.net.mx	0	1970-01-01	9	2014-09-01
244	243	croquis-243.jpg			7	no se observaron	Se trata de un predio de forma regular, plano,conformado por cuatro vértices, actualmente en uso pozo profundo.	1	1							24	28	30	8	45	9				53	15	22				53	15	22				53	15	22				53	15	22				53	15	22				53	15	22				53	15	22				53	15	22	N/A	N/A	N/A	N/A	392	100	392	0	0	0	392	392	177.233.66.134	host-177-233-66-134.static.metrored.net.mx	0	1970-01-01	9	2014-09-01
246	245	croquis-245.jpg			12	NO	El terreno es un polígono regular de cuatro vértices sin construcción. 	1	1							24	28	30	8	45	9				54	0	0				54	0	0				54	0	0				54	0	0				54	0	0				54	0	0				54	0	0				54	0	0					131.46	0	131.46	0	0	0	131.46	131.46	189.243.88.85	dsl-189-243-88-85-dyn.prod-infinitum.com.mx	0	1970-01-01	46	2014-09-01
247	246	croquis-246.jpg			7	Servidumbre de paso	Se trata de un predio plano, conformado por cuatro vértices, a nivel del camino de su ubicación, actualmente baldío.	1	1							24	28	30	8	45	9				53	15	22				53	15	22				53	15	22				53	15	22				53	15	22				53	15	22				53	15	22				53	15	22	N/A	N/A	N/A	N/A	11847	100	11847	100	0	100	11847	11847	177.233.66.134	host-177-233-66-134.static.metrored.net.mx	0	1970-01-01	9	2014-09-02
248	247	croquis-247.png			7	\r\nDERECHO DE VÍA.	SE TRATA DE  UN PREDIO DE FORMA REGULAR, PLANO, CONFORMADO POR CUATRO VÉRTICES A NIVEL DEL PASILLO DE ACCESO DE SU UBICACIÓN, ACTUALMENTE ALOJA UNA CONSTRUCCIÓN RESUELTA EN UNA PLANTA CONSTITUIDA POR LAS SIGUIENTES ÁREAS QUE A CONTINUACIÓN SE INDICAN: UNA SALA,UNA COCINA,UN COMEDOR,UNA RECÁMARA Y UN BAÑO.	1	1							19	1	1	8	16	9				1	8	20				1	8	20				1	8	20				53	15	22				1	8	20				53	15	22				53	15	22				1	8	20	OCULTA	VISIBLE	NO APLICA	PUERTAS Y VENTANAS	46.75	100	46.75	100	0	100	46.75	46.75	177.233.66.134	host-177-233-66-134.static.metrored.net.mx	0	1970-01-01	9	2014-09-02
249	248	croquis-248.jpg			7	No se observaron	Se trata de un predio plano, conformado por cuatro vértices, a nivel del camino de su ubicación, actualmente en uno de Centro de Salud.	1	1							24	28	30	8	45	9				53	15	22				53	15	22				53	15	22				53	15	22				53	15	22				53	15	22				53	15	22				53	15	22	N/A	N/A	N/A	N/A	44.39	100	44.39	100	0	100	44.39	44.39	177.233.66.134	host-177-233-66-134.static.metrored.net.mx	0	1970-01-01	9	2014-09-03
250	249	croquis-249.jpg			7	SERVIDUMBRE DE PASO.	SE TRATA DE UN PREDIO IRREGULAR, PLANO, CONFORMADO POR CINCO VÉRTICES A NIVEL DEL CAMINO DE SU UBICACIÓN, ACTUALMENTE CEMENTERIO.	1	1							24	28	30	8	45	9				53	15	22				53	15	22				53	15	22				53	15	22				53	15	22				53	15	22				53	15	22				53	15	22	NO APLICA	NO APLICA	NO APLICA	NO APLICA	1939.91	100	1939.91	100	0	100	1939.91	1939.91	177.233.66.134	host-177-233-66-134.static.metrored.net.mx	0	1970-01-01	9	2014-09-03
251	250	croquis-250.jpg			7	No se observaron	Se trata de un predio plano, conformado por cuatro vértices a nivel del camino de su ubicación, actualmente en uso de Centro de Salud.	1	1							24	28	30	8	45	9				53	15	22				53	15	22				53	15	22				53	15	22				53	15	22				53	15	22				53	15	22				53	15	22	N/A	N/A	N/A	N/A	37.41	100	37.41	100	0	100	37.41	37.41	177.233.66.134	host-177-233-66-134.static.metrored.net.mx	0	1970-01-01	9	2014-09-03
252	251	croquis-251.png			7	SERVIDUMBRE DE PASO.	SE TRATA DE UN PREDIO DE FORMA IRREGULAR, PLANO, CON CINCO VÉRTICES A NIVEL DEL CALLEJÓN DE ACCESO DE SU UBICACIÓN, ACTUALMENTE BALDÍO.	1	1							24	28	30	8	45	9				53	15	22				53	15	22				53	15	22				53	15	22				53	15	22				53	15	22				53	15	22				53	15	22	NO APLICA	NO APLICA	NO APLICA	NO APLICA	154	100	154	100	0	100	154	154	177.233.66.134	host-177-233-66-134.static.metrored.net.mx	0	1970-01-01	9	2014-09-02
253	252	croquis-252.jpg			12	NO	El terreno es un polígono regular de cuatro vértices, sin construcción. 	1	1							24	28	30	8	45	9				54	0	0				54	0	0				54	0	0				54	0	0				54	0	0				54	0	0				54	0	0				54	0	0					260	0	260	0	0	0	260	260	187.175.68.161	dsl-187-175-68-161-dyn.prod-infinitum.com.mx	0	1970-01-01	46	2014-09-02
254	253	croquis-253.jpg	fachada-253.jpg		1	NO	El terreno es un polígono irregular de cuatro vértices, actualmente aloja una construcción resuelta en dos plantas, constituidas por las siguientes áreas: en planta baja, sala, comedor, cocina, dos recámaras,  dos baños y patio; en planta alta, hall, sala de tv, dos recámaras y un baño. 	2	1							9	4	12	1	1	2				32	1	1				32	1	1				32	14	1				32	1	1				32	12	1				1	1	0				0	0	0				32	13	1	Instalación oculta.	Instalación oculta.	Closets de madera.	Ventanas y puertas de aluminio y herrería.	131	0	131	0	165	0	131	131	187.175.68.161	dsl-187-175-68-161-dyn.prod-infinitum.com.mx	0	1970-01-01	46	2014-09-02
255	254	croquis-254.jpg			1		El terreno es un polígono irregular de cuatro vértices, sin construcción.	1	1							24	28	30	8	45	9				54	0	0				54	0	0				54	0	0				54	0	0				54	0	0				54	0	0				54	0	0				54	0	0					2642.25	0	2642.25	0	0	0	2642.25	2642.25	187.175.68.161	dsl-187-175-68-161-dyn.prod-infinitum.com.mx	0	1970-01-01	46	2014-09-03
256	255	croquis-255.jpg	fachada-255.jpg		7	DERECHO DE VÍA.	SE TRATA DE UN PREDIO REGULAR, PLANO, CON CUATRO VÉRTICES A NIVEL DEL CAMINO DE SU UBICACIÓN, ACTUALMENTE EN USO AGRÍCOLA.	1	1							24	28	30	8	45	9				53	15	22				53	15	22				53	15	22				53	15	22				53	15	22				53	15	22				53	15	22				53	15	22	NO APLICA	NO APLICA	NO APLICA	NO APLICA	10428.44	100	10428.44	100	0	100	10428.44	10428.44	177.233.66.134	host-177-233-66-134.static.metrored.net.mx	0	1970-01-01	9	2014-09-03
259	258				7	Servidumbre  de paso	Se trata de un predio de forma regular, plano,conformado por cuatro vértices a nivel del camino de su ubicación, actualmente en uso agrícola.	1	1							24	28	30	8	45	9				53	15	22				53	15	22				53	15	22				53	15	22				53	15	22				53	15	22				53	15	22				53	15	22	N/A	N/A	N/A	N/A	300	100	300	100	0	100	300	300	177.233.66.134	host-177-233-66-134.static.metrored.net.mx	0	1970-01-01	9	2014-09-09
262	261	croquis-261.jpg			12	NO	El terreno es un polígono regular de cuatro vértices, sin construcción.	1	1							24	28	30	8	45	9				54	0	0				54	0	0				54	0	0				54	0	0				54	0	0				54	0	0				54	0	0				54	0	0					200.4	0	200.4	0	0	0	200.4	200.4	187.175.67.147	dsl-187-175-67-147-dyn.prod-infinitum.com.mx	0	1970-01-01	46	2014-09-03
263	262	croquis-262.jpg			12		El terreno es un polígono irregular de cuatro vértices sin construcción. 	1	1							24	28	30	8	45	9				54	0	0				54	0	0				54	0	0				54	0	0				54	0	0				54	0	0				54	0	0				54	0	0					108.35	0	108.35	0	0	0	108.35	108.35	187.175.67.147	dsl-187-175-67-147-dyn.prod-infinitum.com.mx	0	1970-01-01	46	2014-09-03
264	263	croquis-263.jpg	fachada-263.jpg		12		El terreno es un polígono irregular de seis vértices, sin construcción.	1	0							24	28	30	8	45	9				53	0	0				53	0	0				53	0	0				53	0	0				53	0	0				53	0	0				53	0	0				53	0	0					60000	0	60000	0	0	0	60000	60000	189.243.90.215	dsl-189-243-90-215-dyn.prod-infinitum.com.mx	0	1970-01-01	46	2014-09-07
266	265	croquis-265.jpg			7	DERECHO DE VÍA.	SE TRATA DE UN PREDIO REGULAR, PLANO, CONFORMADO POR CUATRO VÉRTICES A NIVEL DE LA CALLE DE SU UBICACIÓN, ACTUALMENTE BALDÍO.	1	1							24	28	30	8	45	9				53	15	22				53	15	22				53	15	22				53	15	22				53	15	22				53	15	22				53	15	22				53	15	22	NO APLICA	NO APLICA	NO APLICA	NO APLICA	706.91	100	706.91	100	0	100	706.91	706.91	177.233.66.134	host-177-233-66-134.static.metrored.net.mx	0	1970-01-01	9	2014-09-10
267	266	croquis-266.jpg			7	SERVIDUMBRE DE PASO.	SE TRATA DE UN PREDIO DE FORMA REGULAR, PLANO, CONFORMADO POR CUATRO VÉRTICES A NIVEL DEL CAMINO DE SU UBICACIÓN, ACTUALMENTE EN USO AGRÍCOLA.	1	1							24	28	30	8	45	9				53	15	22				53	15	22				53	15	22				53	15	22				53	15	22				53	15	22				53	15	22				53	15	22	NO APLICA	NO APLICA	NO APLICA	NO APLICA	469.75	100	469.75	100	0	100	469.75	469.75	177.233.66.134	host-177-233-66-134.static.metrored.net.mx	0	1970-01-01	9	2014-09-04
268	267	croquis-267.jpg			7	No se observaron	Se trata de un predio regular, plano , conformado por cuatro vértices, a nivel de la calle de su ubicación, actualmente baldío.	1	1							24	28	30	8	45	9				53	15	22				53	15	22				53	15	22				53	15	22				53	15	22				53	15	22				53	15	22				53	15	22	N/A	N/A	N/A	N/A	60.52	100	60.52	100	0	100	60.52	60.52	177.233.66.134	host-177-233-66-134.static.metrored.net.mx	0	1970-01-01	9	2014-09-04
269	268				7	Servidumbre de paso	Se trata de un predio regular, plano, conformado por cuatro vértices, a nivel del camino de su ubicación.	1	1							24	28	30	8	45	9				53	15	22				53	15	22				53	15	22				53	15	22				53	15	22				53	15	22				53	15	22				53	15	22	N/A	N/A	N/A	N/A	633.5	100	633.5	100	0	100	633.5	633.5	177.233.66.134	host-177-233-66-134.static.metrored.net.mx	0	1970-01-01	9	2014-09-04
270	269	croquis-269.jpg			7	DERECHO DE VÍA.	SE TRATA DE UN PREDIO IRREGULAR, PLANO, CONFORMADO POR SIETE VÉRTICES A NIVEL DE LA CARRETERA DE SU UBICACIÓN, ACTUALMENTE EN USO AGRÍCOLA.	1	1							24	28	30	8	45	9				53	15	22				53	15	22				53	15	22				53	15	22				53	15	22				53	15	22				53	15	22				53	15	22	NO APLICA	NO APLICA	NO APLICA	NO APLICA	10999.66	100	10999.66	100	0	100	10999.66	1099.66	177.233.66.134	host-177-233-66-134.static.metrored.net.mx	0	1970-01-01	9	2014-09-04
271	270	croquis-270.jpg			7	DERECHO DE VÍA.	SE TRATA DE UN PREDIO DE FORMA IRREGULAR, PLANO, CONFORMADO POR SIETE VÉRTICES AL NIVEL DE CARRTERA DE SU UBICACIÓN, ACTUALMENTE EN USO AGRÍCOLA.	1	1							24	28	30	8	45	9				53	15	22				53	15	22				53	15	22				53	15	22				53	15	22				53	15	22				53	15	22				53	15	22	NO APLICA	NO APLICA	NO APLICA	NO APLICA	25115	100	25115	100	0	100	25115	25115	177.233.66.134	host-177-233-66-134.static.metrored.net.mx	0	1970-01-01	9	2014-09-04
272	271				7	No se observaron	Se trata de un predio regular, plano, conformado por ocho vértices, a nivel del camino de su ubicación.	1	1							24	28	30	8	45	9				53	15	22				53	15	22				53	15	22				53	15	22				53	15	22				53	15	22				53	15	22				53	15	22	N/A	N/A	N/A	N/A	34049	100	34049	100	0	100	34049	34049	177.233.66.134	host-177-233-66-134.static.metrored.net.mx	0	1970-01-01	9	2014-09-04
274	273	croquis-273.jpg			7	No se observaron	Se trata de un predio regular, plano, conformado por seis vértices, a nivel del camino de su ubicación.	1	1							24	28	30	8	45	9				53	15	22				53	15	22				53	15	22				53	15	22				53	15	22				53	15	22				53	15	22				53	15	22	N/A	N/A	N/A	N/A	25115	100	25115	100	0	100	25115	25115	177.233.66.134	host-177-233-66-134.static.metrored.net.mx	0	1970-01-01	9	2014-09-04
282	281	croquis-281.jpg			1		El terreno es un polígono regular de cuatro vértices sin construcción, con las siguientes medidas y colindancias:\r\nAL NORESTE: 10.00 MTS CON CALLE TULIPANES.\r\nAL NOROESTE: 29.24 MTS CON ISIDRA DE LA ROSA PEREZ.\r\nAL SURESTE: 29.24 MTS CON SERGIO DE LA ROSA PEREZ.\r\nAL SUROESTE: 10.00 MTS CON PARCELA NO. 42 BARTOLA DE LA ROSA PEREZ.	1	0							24	28	30	8	45	9				0	0	0				0	0	0				0	0	0				0	0	0				0	0	0				0	0	0				0	0	0				0	0	0					292.4	0	292.4	0	0	0	292.4	292.4	189.236.226.95	dsl-189-236-226-95-dyn.prod-infinitum.com.mx	0	1970-01-01	46	2014-09-08
283	282	croquis-282.jpg	fachada-282.jpg		12		El terreno es un polígono irregular de cuatro vértices, sin construcción, con las siguientes medidas y colindancias:\r\nAL NORESTE: 45.00 MTS CON MANUEL OREGEL ALVARO.\r\nAL NOROESTE: 66.00 MTS CON CALLE S/NOMBRE DE 10.00MTS DE ANCHO.\r\nAL SURESTE: 69.80 MTS CON JOSUE ULIN MAGAÑA.\r\nAL OESTE: 45.80 MTS CON CALLE S/NOMBRE DE 5.10MTS DE ANCHO. 	1	0							24	28	30	8	45	9				0	0	0				0	0	0				0	0	0				0	0	0				0	0	0				0	0	0				0	0	0				0	0	0					3041	0	3041	0	0	0	3041	3041	189.236.226.95	dsl-189-236-226-95-dyn.prod-infinitum.com.mx	0	1970-01-01	46	2014-09-08
285	284	croquis-284.jpg	fachada-284.jpg		12		El terreno es un polígono irregular de cuatro vértices, sin construcción.	1	1							24	28	30	8	45	9				54	0	0				54	0	0				54	0	0				54	0	0				54	0	0				54	0	0				54	0	0				54	0	0					1361.5	0	1361.5	0	0	0	1361.5	1361.5	189.236.228.173	dsl-189-236-228-173-dyn.prod-infinitum.com.mx	0	1970-01-01	46	2014-09-16
286	285		fachada-285.JPG		1	Ninguna apreciada en escrituras	Predio urbano baldío intermedio, con forma de polígono irregular de 5 vértices, plano y con pendiente descendente hacia la colindancia Noroeste. 	1	1							24	28	30	8	45	9				53	15	22				53	15	22				53	15	22				53	15	22				53	15	22				53	15	22				53	15	22				53	15	22	No Aplica	No Aplica	No Aplica	No Aplica	1631.7	0	1631.7	0	0	0	1	0	189.133.209.218	dsl-189-133-209-218-dyn.prod-infinitum.com.mx	0	1970-01-01	30	2014-09-11
288	287	croquis-287.jpg			12		El terreno es un polígono regular de cuatro vértices, sin construcción.	1	1							24	28	30	8	45	9				54	0	0				54	0	0				54	0	0				54	0	0				54	0	0				54	0	0				54	0	0				54	0	0					291.23	0	291.23	0	0	0	291.23	291.23	189.243.90.252	dsl-189-243-90-252-dyn.prod-infinitum.com.mx	0	1970-01-01	46	2014-09-11
290	289	croquis-289.jpg	fachada-289.jpg		1	LAS ESTABLCIDAS EN EL REGLAMENTO DE CONSTRUCCIN VIGENTE EN EL ESTADO DE TABASCO.	CASA HABITACIÓN DE UN SOLO NIVEL Y DISTRIBUIDA DE LA SIGUIENTE MANERA: SALA-COMEDOR, DOS RECAMARAS (UNA CON BAÑO INTEGRADO), BAÑO DE USO COMUN, COCINA Y PATIO DE SERVICIO.	1	1							3	2	7	8	14	8				1	1	21				24	1	21				28	1	21				54	0	0				31	1	21				1	1	20				54	0	0				53	1	20	INSTALACIONES OCULTAS CON TUBERIA DE COBRE EN ALIMENTACIONES; SANITARIAS OCULTAS CON TUBERIA DE PVC 	SEMI OCULTAS CON SALIDA NORMAL EN USO 	PUERTA INTERIORES EN TAMBORADAS DE TRIPLAY ACABADAS EN EN PINTURA VINILICA.	PUERTA PRINCIPAL, COCINA  Y POSTEROR JUNTO BENTANAS TIPO DE HERRERIA DE PAÑO FIJO CON VENTAN TIPO PERCIANA	116	0	116	0	76.56	0	116	76.56	189.133.126.228	dsl-189-133-126-228-dyn.prod-infinitum.com.mx	0	1970-01-01	41	2014-09-17
291	290	croquis-290.jpg			12		El terreno es un polígono regular de cuatro vértices, sin construcción.	1	1							24	28	30	8	45	9				54	0	0				54	0	0				54	0	0				54	0	0				54	0	0				54	0	0				54	0	0				54	0	0					180	0	180	0	0	0	180	180	189.243.90.252	dsl-189-243-90-252-dyn.prod-infinitum.com.mx	0	1970-01-01	46	2014-09-11
295	294	croquis-294.jpg	fachada-294.jpg		1	ESTABLECIDAS EN EL REGLAMENTO DE CONSTRUCCIN VIGENTE DEL MUNICIPIO DE CENTRO; TABASCO.	CASA HABITACIÓN DE UN SOLO NIVEL Y DISTRIBUIDA DE LA SIGUIENTE MANERA: SALA-COMEDOR, UNA RECAMARAS, BAÑO DE USO COMUN, COCINA Y PATIO DE SERVICIO.	1	1							3	3	2	8	2	9				1	1	1				1	1	1				1	1	1				53	0	0				1	1	1				1	1	1				53	0	0				54	1	22	INSTALACIONES OCULTAS CON TUBERIA DE COBRE EN ALIMENTACIONES; SANITARIAS OCULTAS CON TUBERIA DE PVC 	SEMI OCULTAS CON SALIDA NORMAL EN USO 	INEXISTENTES	PUERTA PRINCIPAL, VENTANAS TIPO DE HERRERIA EN PAÑO TIPO PERCIANA	42	0	42	0	42	42	42	42	189.133.102.205	dsl-189-133-102-205-dyn.prod-infinitum.com.mx	0	1970-01-01	41	2014-09-21
300	299	croquis-299.jpg	fachada-299.jpg		1	LAS ESTABLECIDAS EN EL REGLAMENTO DE CONSTRUCCION VIGENTE DEL MUNICIPIO DE CENTRO, TABASCO.	SE TRATA DE UN PIE DE CASA HABITACION RESUELTO EN UN SOLO NIVEL CON TECHO DE LAMINA DE ZINC, EN UNA SOLA PIEZA, DISTRIBUIDA DE LA SIGUIENTE MANERA: AREA GENERAL Y BAÑO DE USO COMUN; ASENTADA SOBRE UN PREDIO DE FORMA TOPOGRAFICA IRREGULAR, DE 11 VERTICES Y DE TERRENO PLANO HORIZONTAL A NIVEL DE CALLE.	1	1							5	10	1	7	8	8				1	8	0				1	8	0				1	8	0				0	0	0				1	8	0				0	0	0				0	0	0				0	0	0	INSTALACIONES OCULTAS CON TUBERIA DE COBRE EN ALIMENTACIONES; SANITARIAS OCULTAS CON TUBERIA DE PVC	Instalacion visible por techo y muros con cables del numero 12	NO EXISTE	PUERTA PRINCIPAL Y VENTANAS DE HERRERIA TROPICAL EN PAÑOS TIPO PERSIANA.	1463.94	0	1463.94	0	49	0	1463.94	49	189.133.102.205	dsl-189-133-102-205-dyn.prod-infinitum.com.mx	0	1970-01-01	41	2014-09-22
301	300				1	NO EXISTEN		2	1							9	4	1	2	1	4				0	0	0				0	0	0				0	0	0				0	0	0				0	0	0				0	0	0				0	0	0				0	0	0					0	0	0	0	0	0	0	0	187.214.119.237	dsl-187-214-119-237-dyn.prod-infinitum.com.mx	0	1970-01-01	13	2014-09-22
302	301	croquis-301.jpg			1		El terreno es un polígono irregular de nueve vértices, sin construcción.	1	1							24	28	30	8	45	9				54	0	0				54	0	0				54	0	0				54	0	0				54	0	0				54	0	0				54	0	0				54	0	0					9262.25	0	9262.25	0	0	0	9262.25	9262.25	187.175.38.210	dsl-187-175-38-210-dyn.prod-infinitum.com.mx	0	1970-01-01	46	2014-09-23
304	303	croquis-303.jpg			12		El terreno es un polígono irregular de seis vértices, sin construcción.	1	1							24	28	30	8	45	9				54	0	0				54	0	0				54	0	0				54	0	0				54	0	0				54	0	0				54	0	0				54	0	0					1574.11	0	1574.11	0	0	0	1574.11	1574.11	187.175.36.93	dsl-187-175-36-93-dyn.prod-infinitum.com.mx	0	1970-01-01	46	2014-09-25
305	304	croquis-304.jpg			12		El terreno es un polígono irregular de cuatro vértices, sin construcción.	1	1							24	28	30	8	45	9				54	0	0				54	0	0				54	0	0				54	0	0				54	0	0				54	0	0				54	0	0				54	0	0					141.6	0	141.6	0	0	0	141.6	141.6	187.175.36.93	dsl-187-175-36-93-dyn.prod-infinitum.com.mx	0	1970-01-01	46	2014-09-25
306	305	croquis-305.jpg			12		El terreno es un polígono regular de cuatro vértices, sin construcción.	1	1							24	28	30	8	45	9				54	0	0				54	0	0				54	0	0				54	0	0				54	0	0				54	0	0				54	0	0				54	0	0					400	0	400	0	0	0	400	400	187.175.36.93	dsl-187-175-36-93-dyn.prod-infinitum.com.mx	0	1970-01-01	46	2014-09-25
307	306	croquis-306.jpg			12		El terreno es un polígono irregular de cuatro vértices, sin construcción.	1	1							24	28	30	8	45	9				54	0	0				54	0	0				54	0	0				54	0	0				54	0	0				54	0	0				54	0	0				54	0	0					233.3	0	233.3	0	0	0	233.3	233.3	187.175.36.93	dsl-187-175-36-93-dyn.prod-infinitum.com.mx	0	1970-01-01	46	2014-09-25
308	307	croquis-307.jpg			12		El terreno es un polígono irregular de cuatro vértices, sin construcción. 	1	1							24	28	30	8	45	9				54	0	0				54	0	0				54	0	0				54	0	0				54	0	0				54	0	0				54	0	0				54	0	0					262.2	0	262.2	0	0	0	262.2	262.2	187.175.36.93	dsl-187-175-36-93-dyn.prod-infinitum.com.mx	0	1970-01-01	46	2014-09-25
310	309	croquis-309.jpg	fachada-309.jpg		12		El terreno es un polígono irregular de cuatro vértices, sin construcción. 	1	1							24	28	30	8	45	9				54	0	0				54	0	0				54	0	0				54	0	0				54	0	0				54	0	0				54	0	0				54	0	0					17399.8	0	17399.8	0	0	0	17399.8	17399.8	187.175.2.17	dsl-187-175-2-17-dyn.prod-infinitum.com.mx	0	1970-01-01	46	2014-09-29
311	310	croquis-310.jpg	fachada-310.jpg		1		El terreno es un polígono irregular de diez vértices, sin construcción. 	1	1							24	28	30	8	45	9				54	0	0				54	0	0				54	0	0				54	0	0				54	0	0				54	0	0				54	0	0				54	0	0					14370.13	0	14370.13	0	0	0	14370.13	14370.13	187.175.2.17	dsl-187-175-2-17-dyn.prod-infinitum.com.mx	0	1970-01-01	46	2014-09-29
313	312	croquis-312.jpg			1		El terreno es un polígono regular de cuatro vértices, sin construcción.	1	1							24	28	30	8	45	9				54	0	0				54	0	0				54	0	0				54	0	0				54	0	0				54	0	0				54	0	0				54	0	0					4515	0	4515	0	0	0	4515	4515	187.175.36.93	dsl-187-175-36-93-dyn.prod-infinitum.com.mx	0	1970-01-01	46	2014-09-26
314	313	croquis-313.jpg			1		El terreno es un polígono irregular de doce vértices, sin construcción.	1	1							24	28	30	8	45	9				54	0	0				54	0	0				54	0	0				54	0	0				54	0	0				54	0	0				54	0	0				54	0	0					4111.7	0	4111.7	0	0	0	4111.7	4111.7	187.175.36.93	dsl-187-175-36-93-dyn.prod-infinitum.com.mx	0	1970-01-01	46	2014-09-26
315	314	croquis-314.jpg	fachada-314.jpg		1	LAS PROPIAS DEL REGLAMENTO DE CONSTRUCCION VIGENTE PARA EL MUNICIPIO DE CENTRO; TABASCO	SE TRATA DE UN PREDIO URBANO, DE FORMA TOPOGRÁFICA REGULAR DE 4 VÉRTICES, DE TERRENO PLANO HORIZONTAL Y A NIVEL DE CALLE, DONDE SE LOCALIZAN LAS CONSTRUCCIONES SIGUIENTES: TIPO TI.- - ÁREA DE DORMITORIO CON TECHO DE LOSA, INTEGRADA POR ÁREA DE ESTAR CON BAÑO Y RECAMARA CON BAÑO INTEGRADO Y TIPO TII.-  2.- COBERTIZO DE USOS MÚLTIPLES CON TECHO DE LÁMINA DE ASBESTO CEMENTO EN CONDICIONES RUINOSAS. (POR TAL MOTIVO EL TECHO NO SE CONSIDERA EN EL PRESENTE DICTAMEN Y SOLO SE CONSIDERA LA ESTRUCTURA COMO BARDA Y EL PISO).      	1	1							9	10	1	7	10	3				21	1	1				21	1	1				21	11	1				0	0	0				0	0	0				0	0	0				1	0	0				54	1	0	INSTALACIONES OCULTAS CON TUBERIA DE COBRE EN ALIMENTACIONES; SANITARIAS OCULTAS CON TUBERIA DE PVC	INSTALACION OCULTA POR MUROS Y TECHO CON SALIDAS NORMALES	PUERTA DE BAÑO ENTAMBORADA DE TRIPLAY DE PINO ACABADA EN BAIZ NATURAL.	PORTON DE ACCESO AL INMUEBLE DE HERRERIA TROPICAL Y PUERTA DE ACCESO AL AREA DE DORMITORIO DE HERRERIA Y VENTANAS DEL MISMO MATERIAL. 	264	0	264	0	33.79	0	264	264	189.133.130.242	dsl-189-133-130-242-dyn.prod-infinitum.com.mx	0	1970-01-01	41	2014-09-27
316	315	croquis-315.jpg			1		El terreno es un polígono irregular de cuatro vértices, sin construcción. 	1	1							24	28	30	8	45	9				54	0	0				54	0	0				54	0	0				54	0	0				54	0	0				54	0	0				54	0	0				54	0	0					1428.6	0	1428.6	0	0	0	1428.6	1428.6	187.175.2.91	dsl-187-175-2-91-dyn.prod-infinitum.com.mx	0	1970-01-01	46	2014-09-27
317	316	croquis-316.jpg			1		El terreno es un polígono irregular de cuatro vértices, sin construcción.	1	1							24	28	30	8	45	9				54	0	0				54	0	0				54	0	0				54	0	0				54	0	0				54	0	0				54	0	0				54	0	0					1025.73	0	1025.73	0	0	0	1025.73	1025.73	187.175.2.91	dsl-187-175-2-91-dyn.prod-infinitum.com.mx	0	1970-01-01	46	2014-09-27
318	317	croquis-317.jpg			1		El terreno es un polígono regular de cuatro vértices sin construcción.	1	1							24	28	30	8	45	9				54	0	0				54	0	0				54	0	0				54	0	0				54	0	0				54	0	0				54	0	0				54	0	0					200.2	0	200.2	0	0	0	200.2	200.2	187.175.2.91	dsl-187-175-2-91-dyn.prod-infinitum.com.mx	0	1970-01-01	46	2014-09-27
319	318	croquis-318.jpg			1		El terreno es un polígono irregular de cuatro vértices, sin construcción. 	1	1							24	28	30	8	45	9				54	0	0				54	0	0				54	0	0				54	0	0				54	0	0				54	0	0				54	0	0				54	0	0					24048.5	0	24048.5	0	0	0	24048.5	24048.5	187.175.2.91	dsl-187-175-2-91-dyn.prod-infinitum.com.mx	0	1970-01-01	46	2014-09-27
320	319	croquis-319.jpg			1		El terreno es un polígono irregular de siete vértices, sin construcción. 	1	1							24	28	30	8	45	9				54	0	0				54	0	0				54	0	0				54	0	0				54	0	0				54	0	0				54	0	0				54	0	0					1034.46	0	1034.46	0	0	0	1034.46	1034.46	187.175.2.91	dsl-187-175-2-91-dyn.prod-infinitum.com.mx	0	1970-01-01	46	2014-09-27
321	320	croquis-320.jpg			1		El terreno es un polígono irregular de cuatro vértices, sin construcción.	1	1							24	28	30	8	45	9				54	0	0				54	0	0				54	0	0				54	0	0				54	0	0				54	0	0				54	0	0				54	0	0					677	0	677	0	0	0	677	677	187.175.2.91	dsl-187-175-2-91-dyn.prod-infinitum.com.mx	0	1970-01-01	46	2014-09-27
322	321	croquis-321.jpg			1		El terreno es un polígono regular de cuatro vértices, sin construcción.	1	1							24	28	30	8	45	9				54	0	0				54	0	0				54	0	0				54	0	0				54	0	0				54	0	0				54	0	0				54	0	0					180	0	180	0	0	0	180	180	187.175.2.91	dsl-187-175-2-91-dyn.prod-infinitum.com.mx	0	1970-01-01	46	2014-09-27
323	322	croquis-322.jpg			1		El terreno es un polígono regular de cuatro vértices sin construcción. 	1	1							24	28	30	8	45	9				54	0	0				54	0	0				54	0	0				54	0	0				54	0	0				54	0	0				54	0	0				54	0	0					200	0	200	0	0	0	200	200	187.175.2.91	dsl-187-175-2-91-dyn.prod-infinitum.com.mx	0	1970-01-01	46	2014-09-27
324	323	croquis-323.jpg			1		El terreno es un polígono irregular de cuatro vértices, sin construcción.	1	1							24	28	30	8	45	9				54	0	0				54	0	0				54	0	0				54	0	0				54	0	0				54	0	0				54	0	0				54	0	0					2076.66	0	2076.66	0	0	0	2076.66	2076.66	187.175.2.91	dsl-187-175-2-91-dyn.prod-infinitum.com.mx	0	1970-01-01	46	2014-09-27
325	324	croquis-324.jpg			1		El terreno es un polígono irregular de cuatro vértices sin construcción. 	1	1							24	28	30	8	45	9				54	0	0				54	0	0				54	0	0				54	0	0				54	0	0				54	0	0				54	0	0				54	0	0					1046.59	0	1046.59	0	0	0	1046.59	1046.59	187.175.2.91	dsl-187-175-2-91-dyn.prod-infinitum.com.mx	0	1970-01-01	46	2014-09-27
326	325	croquis-325.jpg			1		El terreno es un polígono irregular de seis vértices sin construcción.	1	1							24	28	30	8	45	9				54	0	0				54	0	0				54	0	0				54	0	0				54	0	0				54	0	0				54	0	0				54	0	0					1600	0	1600	0	0	0	1600	1600	187.175.2.91	dsl-187-175-2-91-dyn.prod-infinitum.com.mx	0	1970-01-01	46	2014-09-28
327	326	croquis-326.jpg			1		El terreno es un polígono regular sin construcción.	1	1							24	28	30	8	45	9				54	0	0				54	0	0				54	0	0				54	0	0				54	0	0				54	0	0				54	0	0				54	0	0					119.56	0	119.56	0	0	0	119.56	119.56	187.175.2.91	dsl-187-175-2-91-dyn.prod-infinitum.com.mx	0	1970-01-01	46	2014-09-28
328	327	croquis-327.jpg			1		El terreno es un polígono regular de cuatro vértices sin construcción.	1	1							24	28	30	8	45	9				54	0	0				54	0	0				54	0	0				54	0	0				54	0	0				54	0	0				54	0	0				54	0	0					400	0	400	0	0	0	400	400	189.236.201.23	dsl-189-236-201-23-dyn.prod-infinitum.com.mx	0	1970-01-01	46	2014-09-28
330	329	croquis-329.jpg	fachada-329.jpg		1		El terreno es un polígono irregular de cuatro vértices, sin construcción. 	1	1							24	28	30	8	45	9				54	0	0				54	0	0				54	0	0				54	0	0				54	0	0				54	0	0				54	0	0				54	0	0					4830.75	0	4830.75	0	0	0	4830.75	4830.75	189.236.201.23	dsl-189-236-201-23-dyn.prod-infinitum.com.mx	0	1970-01-01	46	2014-09-28
331	330	croquis-330.jpg	fachada-330.jpg		1		El terreno es un polígono irregular de cuatro vértices sin construcción.	1	1							24	28	30	8	45	9				54	0	0				54	0	0				54	0	0				54	0	0				54	0	0				54	0	0				54	0	0				54	0	0					27342.7	0	27342.7	0	0	0	27342.7	27342.7	189.236.229.205	dsl-189-236-229-205-dyn.prod-infinitum.com.mx	0	1970-01-01	46	2014-10-10
332	331	croquis-331.jpg	fachada-331.jpg		12		El terreno es un polígono regular de cuatro vértices.	1	1							24	28	30	8	45	9				54	0	0				54	0	0				54	0	0				54	0	0				54	0	0				54	0	0				54	0	0				54	0	0					515.2	0	515.2	0	0	0	515.2	515.2	189.236.201.23	dsl-189-236-201-23-dyn.prod-infinitum.com.mx	0	1970-01-01	46	2014-09-28
361	360	croquis-360.jpg	fachada-360.jpg		1	LAS INDICADAS POR EL REGLAMENTO DE CONSTRUCCION VIGENTE EN EL ESTADO DE TABASCO.	SE TRATA DE UN PREDIO RUSTICO, DE FORMA TOPOGRÁFICA REGULAR DE 4 VÉRTICES (BODEGA), DISTRIBUIDO DE LA SIGUIENTE MANERA: ÁREA DE BAÑO GENERAL, Y ÁREA DE BODEGA, CON PATIO DE SERVICIO.	1	1							15	1	1	7	17	4				1	1	19				1	1	19				1	1	19				53	15	19				53	15	19				52	15	19				52	15	19				2	1	19	EN SERVICIO, OCULTA.	EN SERVICIO, VISIBLE.	INEXISTENTE	EN PUERTA Y VENTANAS.	98.43	100	98.43	0	29.55	0	0	98.43	189.133.135.93	dsl-189-133-135-93-dyn.prod-infinitum.com.mx	0	1970-01-01	41	2014-10-08
362	361	croquis-361.jpg	fachada-361.jpg		11		Casa habitación resuelta en planta baja, con la siguiente distribución: cocina, baño, 2 recámaras, sala-comedor, y corredor.	1	1							14	1	1	7	10	8				23	1	19				23	1	19				31	1	1				54	10	20				23	1	19				52	8	20				54	10	20				23	1	1	Redes de alimentación oculta, tubería de cobre en interiores ocultas para alimentación a muebles sanitarios.	Ocultas con salidas normales.	Puertas de intercomunicación en madera de cedro entableradas.	Ventanas de herrería con cristal.	389.28	0	389.28	0	122.94	0	0	389.28	187.150.145.58	dsl-187-150-145-58-dyn.prod-infinitum.com.mx	0	1970-01-01	35	2014-10-07
370	369	croquis-369.jpg	fachada-369.jpg		2	NINGUNA	CASA HABITACION UNIFAMILIAR, DESARROLLADA EN 2 PLANTAS:\r\n\r\nPLANTA BAJA: TERRAZA,  SALA - COMEDOR,  COCINA, ESCALERA,  PATIO DE SERVICIO, 2 RECAMARA CON BAÑO. \r\nPLANTA ALTA: TERRAZA, SALA, CUARTO DE LAVADO, RECAMARA CON BAÑO, POZO DE LUZ.\r\n\r\n	2	2							15	11	2	1	2	4				12	1	1				12	1	1				16	1	1				12	1	1				17	13	1				1	1	0				9	1	1				53	10	1	REDES DE ALIMENTACION OCULTAS: TUBERIA DE COBRE EN INTERIORES, OCULTAS PARA ALIMENTACION AMUEBLES SANITARIOS, BAJADAS DE AGUAS NEGRAS Y AGUAS PLUVIALE	OCULTAS CON SALIDAS NORMALES.	PUERTAS DE INTERCOMUNICACION EN MADERA DE CEDRO ENTABLERADAS, CLOSET DE MADERA DE CEDRO, CON PUERTAS SENCILLAS.	PORTON EN FACHADA DE HERRERIA; PUERTAS, VENTANAS Y PROTECCIONES  DE HERRERIA CON CRISTAL TRANSPARENTE.	354.55	0	354.55	0	245.36	0	416.55	245.36	187.150.145.58	dsl-187-150-145-58-dyn.prod-infinitum.com.mx	0	1970-01-01	39	2014-10-14
373	372	croquis-372.jpg	fachada-372.jpg		1	LAS PROPIAS DEL REGLAMENTO DE CONSTRUCCION VIGENTE PARA EL MUNICIPIO DE CARDENAS; TABASCO	SE TRATA DE UN PREDIO URBANO DE FORMA TOPOGRÁFICA IRREGULAR DE CUATRO VÉRTICES, A NIVEL DE CALLE DE UBICACIÓN DESTINADO AL USO HABITACIONAL, EN EL CUAL SE LOCALIZA UNA CONSTRUCCIÓN EN ESTADO RUINOSO, QUE FUE UNA CASA HABITACIÓN LA CUAL SE DISTRIBUÍA DE LA SIGUIENTE MANERA: ÁREA DE SALA-COMEDOR, ÁREA DE DOS RECAMARAS Y ÁREA DE BAÑO DE USO COMÚN Y QUE PARA EL PRESENTE CASO COMO, LA CONSTRUCCIÓN ESTÁ EN RUINA, Y PARA DARLE EL VALOR CORRESPONDIENTE A LA MISMA, SOLO SE CONSIDERAN LOS MUROS COMO BARDA.    	1	1							5	3	2	7	13	3				1	2	20				1	2	20				1	2	20				54	10	20				54	10	20				52	15	20				54	10	20				1	2	20	INEXISTENTES	INEXISTENTES	INEXISTENTES	INEXISTENTES	347.72	100	347.72	100	42.93	0	347.72	347.72	189.236.196.23	dsl-189-236-196-23-dyn.prod-infinitum.com.mx	0	1970-01-01	41	2014-10-31
374	373	croquis-373.jpg	fachada-373.jpg		1	LAS ESTABLCIDAS EN EL REGLAMENTO DE CONSTRUCCIN VIGENTE EN EL MUNICIPIO DE CENTRO, TABASCO.	SE TRATA DE UN PREDIO URBANO, DE FORMA TOPOGRÁFICA IRREGULAR, DE UN SOLO FRENTE Y A NIVEL DE CALLE, EN EL CUAL POR LOS VESTIGIO ENCONTRADOS AL MOMENTO DE LA INSPECCIÓN AL MISMO, SE SUPONE QUE EXISTIÓ UNA CONSTRUCCIÓN DEL TIPO CORRIENTE CON TECHO Y MUROS DE LÁMINA DE ZINC; PERO QUE AHORA SOLO EXISTE EL TECHO, POR TAL MOTIVO EN EL PRESENTE DICTAMEN, SOLO SE CONSIDERA EN EL VALOR COMERCIAL EL PREDIO SIN CONSTRUCCIÓN.	1	1							24	28	29	8	8	9				0	10	20				0	10	20				0	10	19				0	10	20				0	10	20				0	10	20				0	10	20				0	0	20	NO EXISTEN	NO EXISTEN	NO EXISTEN	NO EXISTEN	30.84	100	30.84	100	0	100	30.84	30.84	189.133.80.235	dsl-189-133-80-235-dyn.prod-infinitum.com.mx	0	1970-01-01	41	2014-11-05
380	379	croquis-379.jpg	fachada-379.jpg		1	LAS PROPIAS DEL REGLAMENTO DE CONSTRUCCION VIGENTE PARA EL MUNICIPIO DE CENTRO; TABASCO	SE TRATA DE UN PREDIO URBANO, DE FORMA TOPOGRÁFICA IRREGULAR DE 4 VÉRTICES, CON PENDIENTE HACIA EL FONDO, INICIANDO A 60 CENTÍMETROS ABAJO DEL NIVEL DE CALLE Y ASÍ DE MANERA PROGRESIVA HASTA LLEGAR AL FONDO; Y EN ÉL SE LOCALIZA UNA CONSTRUCCIÓN DEL TIPO PROVISIONAL, DESTINADA AL USO HABITACIONAL, DISTRIBUIDA DE LA SIGUIENTE MANERA: SALA-COMEDOR, COCINA, DOS RECAMARAS, BAÑO DE USO COMÚN Y PATIO DE SERVICIO; CABE SEÑALAR QUE LA VIVIENDA CUENTA ÚNICAMENTE CON LA PARED DEL FRENTE DE BLOCK-CEMENTO ARENA  TERMINADA CON MORTERO DEL TIPO COMÚN Y LAS DE MÁS DIVISIONES QUE LA INTEGRAN SON SETOS DE MADERA DE BAMBÚ.	1	1							24	28	30	7	6	3				1	15	22				1	15	22				1	15	22				54	15	22				1	15	22				53	15	22				54	15	22				53	2	22	INSTALACIONES VISIBLES  CON TUBERIA DE COBRE EN ALIMENTACIONES; SANITARIAS SEMI OCULTAS CON TUBERIA DE PVC	INSTALACION VISBLES POR MUROS Y TECHO CON SALIDAS NORMALES	NO EXISTE	PUERTA DE ACCESO PRINCIPAL Y POSTERIOR DE HERRERÍA,  VENTANAS HERRERÍA FIJA DE PERSIANAS DEL MISMO MATERIAL.	304	0	215.61	0	72.74	0	304	215.61	189.133.88.29	dsl-189-133-88-29-dyn.prod-infinitum.com.mx	0	1970-01-01	41	2014-10-20
394	393	croquis-393.jpg	fachada-393.jpg		3	LAS PROPIAS DEL REGLAMENTO DE CONSTRUCCION VIGENTE PARA EL MUNICIPIO DE CENTRO; TABASCO	SE TRATA DE UN PREDIO URBANO, DE FORMA TOPOGRÁFICA IRREGULAR DE 4 VÉRTICES, CON PENDIENTE DESCENDIENTE HACIA AL FONDO EN EL CUAL SE LOCALIZA UNA CONSTRUCCIÓN DE TIPO ECONÓMICA CON TECHO DE LAMINA DE ASBESTO-CEMENTO Y UNA FRACCIÓN DE TECHO DE LOSA, PLANA MACIZA, DESTINADA AL USO COMERCIAL (LOCAL), LA CUAL SE DISTRIBUYE DE LA SIGUIENTE MANERA: ÁREA DE VENTA Y EXHIBIDORES, OFICINA, BAÑO, ALMACÉN Y PATIO DE MANIOBRA AL FONDO DEL PREDIO	1	1							10	1	2	8	9	3				53	15	22				53	15	22				53	15	22				54	10	20				54	10	20				53	15	20				53	15	20				53	15	20	INSTALACIONES VISIBLES CON TUBERÍA DE COBRE Y PVC	INSTALACIÓN VISIBLES POR MUROS Y TECHO CON SALIDA NORMAL	NO EXISTE	PUERTA DE ACERO PRINCIPAL, CORTINA METÁLICAS, Y PUERTA DE ACCESO A OFICINA, DE MARCO DE ALUMINIO Y VIDRIO 	1218.6	100	1218.6	100	183.97	100	1218.6	1218.6	189.133.80.235	dsl-189-133-80-235-dyn.prod-infinitum.com.mx	0	1970-01-01	41	2014-11-05
401	400	croquis-400.jpg	fachada-400.jpg		1	LAS PROPIAS DEL REGLAMENTO DE CONSTRUCCION VIGENTE PARA EL MUNICIPIO DE NACAJUCA; TABASCO	SE TRATA DE UN PREDIO URBANO DE FORMA TOPOGRAFICA REGULAR, DE CUATRO VERTICES A NIVEL DE CALLE Y DE UN SOLO FRENTE SIN CONSTRUCCION ALGUNA. 	1	1							24	28	28	7	44	8				54	10	20				54	10	20				54	10	20				54	10	20				54	10	20				54	10	20				54	10	20				54	10	20	INEXISTENTE	INEXISTENTE	INEXISTENTE	INEXISTENTE	112	0	112	0	0	0	112	112	189.236.196.23	dsl-189-236-196-23-dyn.prod-infinitum.com.mx	0	1970-01-01	41	2014-10-31
402	401	croquis-401.jpg	fachada-401.jpg		1	LAS PROPIAS DEL REGLAMENTO DE CONSTRUCCION VIGENTE PARA EL MUNICIPIO DE NACAJUCA; TABASCO	SE TRATA DE UN PREDIO URBANO DE FORMA TOPOGRAFICA REGULAR, DE TERRENO PLANO HORIZONTAL, DE CUATRO VERTICES, A NIVEL DE CALLE Y SIN CONSTRUCCION ALGUNA EN SU INTERIOR.	1	1							24	28	28	7	44	8				54	10	20				54	10	20				54	10	20				54	10	20				54	10	20				54	10	20				54	10	20				54	10	20	INEXISTENTE	INEXISTENTE	INEXISTENTE	INEXISTENTE	112	0	112	0	0	0	112	112	189.236.196.23	dsl-189-236-196-23-dyn.prod-infinitum.com.mx	0	1970-01-01	41	2014-10-31
411	410	croquis-410.jpg	fachada-410.jpg		12	SERVIDUMBRE NO EXISTEN EN EL PREDIO Y RESTRICCIONES, LAS ESTABLECIDAS POR LA AUTORIDAD COMPETENTES.	SE TRATA DE UN PREDIO RUSTICO DE FORMA TOPOGRÁFICA IRREGULAR DE 6 VÉRTICES, DESTINADO AL USO GANADERO, EL CUAL SE ENCUENTRA CULTIVADO CON PASTURA DE LA REGIÓN Y EN ÉL SE LOCALIZAN LAS CONSTRUCCIONES SIGUIENTES: COBERTIZO CON TECHO DE LÁMINA DE ZINC; PARA USOS MÚLTIPLE Y ESTABLO PARA LA CRIANZA DE GANADO CON TECHO DE LÁMINA Y COMEDEROS DE CONCRETO SIMPLE.	1	1							24	28	28	7	13	8				54	10	20				54	10	20				54	10	20				54	10	20				54	10	20				54	10	20				54	10	20				54	10	20	INEXISTENTE	INEXISTENTE	INEXISTENTE	INEXISTENTE	11310	100	11310	0	0	0	11310	11310	189.236.196.23	dsl-189-236-196-23-dyn.prod-infinitum.com.mx	0	1970-01-01	41	2014-10-30
414	413	croquis-413.jpg	fachada-413.jpg		6	LAS ESTABLECIDAS EN EL REGLAMENTE DE CONSTRUCCIÓN VIGENTES EN EL MUNICIPIO DE CENTRO, TABASCO.	SE TRATA DE PREDIO DE FORMA TOPOGRÁFICA REGULAR DE 4 VÉRTICES ABAJO DEL NIVEL DE LA CARRETERA FEDERAL VILLAHERMOSA-MACUSPANA, EN EL CUAL SE ENCUENTRA UNA BODEGA DE 28x25mts, EN SU PERÍMETRO, DISTRIBUIDA DE LA SIGUIENTE MANERA: ÁREA DE OFICINA EN PROCESO DE CONSTRUCCIÓN Y ÁREA DE ALMACENAJE GENERAL.\r\n	1	1							4	6	1	8	6	3				53	1	22				53	15	22				54	15	22				54	15	22				54	15	22				54	15	22				52	15	22				49	1	22	SIN INSTALACIONES 	EN PROCESO DE CONSTRUCCION	SIN CARPINTERIA	EN PORTONES DE ACCESO PRINCIPAL, PORTON DE ACCESO A BODEGA Y EN TECHUMBRE	4400	100	4400	0	720	0	4400	4400	189.236.196.23	dsl-189-236-196-23-dyn.prod-infinitum.com.mx	0	1970-01-01	41	2014-10-30
417	416	croquis-416.jpg	fachada-416.jpg		1	Sin restricciones.	Terreno urbano en breña.	1	1							24	28	30	8	45	9				53	15	22				53	15	22				53	15	22				53	15	22				53	15	22				53	15	22				53	15	22				53	15	22					786.94	100	786.94	0	0	0	786.94	786.94	189.133.111.60	dsl-189-133-111-60-dyn.prod-infinitum.com.mx	0	1970-01-01	52	2014-11-02
421	420	croquis-420.jpg	fachada-420.jpg		1	LA ESTABLECIDAS EN EL REGLAMENTO DE CONSTRUCCION, VIGENTE EN EL MUNICIPIO DE CENTRO, TABASCO	SE TRATA DE UN PREDIO URBANO DE FORMA TOPOGRÁFICA IRREGULAR, DE CUATRO VÉRTICES, DE UN SOLO FRENTE, LIGERAMENTE ARRIBA DEL NIVEL DE CALLE, EN EL CUAL SE LOCALIZA UNA CONSTRUCCIÓN EN DOS NIVELES Y DE CINCO CUERPOS, DISTRIBUIDOS CADA CUERPO DE MANERA TIPO DE LA SIGUIENTE FORMA: PLANTA BAJA.- SALA-COMEDOR, COCINA, BAÑO Y ESCAÑERA DE SERVICIO A LA PLANTA ALTA; P.A.- UNA RECAMARA Y BAÑO DE USO COMÚN. 	2	5							9	10	1	2	1	9				23	1	1				23	1	1				20	13	1				2	1	1				23	1	1				54	10	20				54	10	20				53	1	0	INSTALACIONES OCULTAS CON TUBERIA DE COBRE EN ALIMENTACIONES; SANITARIAS OCULTAS CON TUBERIA DE PVC	OCULTA POR MURO Y TECHO CON SALIDAS NORMALES	no existe	PUERTAS PRINCIPALES DE HERRERIA TROPICAL Y VENTANAS DE HERRERIA Y ALUMINIO NATURAL EN PAÑOS TIPOS PERSINAS Y CORREDIZAS	163.27	0	163.27	0	300	0	163.27	300	189.133.80.235	dsl-189-133-80-235-dyn.prod-infinitum.com.mx	0	1970-01-01	41	2014-11-05
426	425	croquis-425.jpg	fachada-425.jpg		2	Ninguna.	Inmueble en un estado de conservacion deteriorado derivado en primer, lugar a la edad del mismo y en segundo termino, a la falta de mantenimiento .\r\nEl cual esta distribuido de la sig. Manera.\r\n1.- Habitacional 404.26 m2\r\n2.- Oficinas 181.24 m2.\r\n3.- Cobertizo de Losa 305.00 m2\r\n4.- Cobertizo de lamina 97.50.\r\nCabe mencionar que los materiales con los que fue construido el inmueble ya cumplieron su vida util, por lo tanto no es recomendable su utilización.	2	1							5	23	12	4	14	4				2	1	4				53	1	22				55	11	1				1	1	1				1	1	1				50	1	22				50	1	22				1	1	22	A base de tubería de cobre y pvc sanitario .	Visibles y ocultas con cable del número 12 y 14 , con su respectivo centro de carga (deteriorado)	No se observa.	En puertas y ventanas (Deteriorado)	1790.34	100	0	0	988	100	1790.34	1790.34	189.133.111.60	dsl-189-133-111-60-dyn.prod-infinitum.com.mx	0	1970-01-01	52	2014-11-07
429	428	croquis-428.jpg	fachada-428.jpg		1	LAS ESTABLCIDAS EN EL REGLAMENTO DE CONSTRUCCIN VIGENTE EN EL MUNICIPIO DE CENTRO, TABASCO.\r\n	SE TRATA DE UN PREDIO URBANO, DE FORMA TOPOGRÁFICA REGULAR, DE UN SOLO FRENTE Y A NIVEL DE CALLE.	1	1							24	28	28	7	13	8				54	10	20				54	10	20				54	10	20				54	10	20				54	10	20				54	10	20				54	10	20				54	10	20	INEXISTENTE	INEXISTENTE	INEXISTENTE	INEXISTENTE	442.7	100	442.7	100	0	100	442.7	442.7	189.133.80.235	dsl-189-133-80-235-dyn.prod-infinitum.com.mx	0	1970-01-01	41	2014-11-12
458	457	croquis-457.jpg	fachada-457.jpg		1	LAS ESTABLECIDAS EN EL REGLAMENTO DE CONSTRUCCION VIGENTE EN EL MUNICIPIO DE CENTRO	SE TRATA DE UN PREDIO SUBURBANO DE FORMA TOPOGRAFICA IRREGULAR, DE 4 VERTICES, DE TERRENO PLANO HORIZONTAL, LIGERAMENTE ARRIBA DEL NIVEL DE CALLE Y DE UN SOLO FRENTE EN EL CUAL SE ASIENTA UNA CONSTRUCCION CON USO HABITACIONAL; DESARROLLADA EN DOS NIVELES Y DISTRIBUIDA DE LA SIGUIENTE MANERA: PLANTA BAJA, COCHERA TECHADA, SALA-COMEDOR, COCINA, DOS RECAMARAS (CON BAÑO Y CLOSET INTEGRADO), ESCALERAS DE SERVICVIO A LA PLANTA ALTA Y PATIO DE SERVICIO; PLANTA ALTA SALA DE T.V; UNA RECAMARA CON ESTUDIO Y BAÑO INTEGRADO Y TERRAZA EN LA PARTE POSTERIOR.  	1	1							9	3	1	2	1	4				24	1	1				24	1	1				24	1	1				21	1	1				24	1	1				1	1	1				24	1	1				53	1	1	COMPLETAS; REDES OCULTAS DE ALIMENTACIÓN CON TUBERÍA DE COBRE DE TIPO "M" Y DESCARGAS SANITARIAS CON TUBERÍA DE P.V.C., CON DESALOJO A RED MUNICIPAL.	OCULTAS Y ENTUBADAS, SALIDAS DE CENTRO EN CANTIDAD SUFICIENTES PARA EL TIPO DE CONSTRUCCIÓN, ILUMINACIÓN MEDIANTE LÁMPARAS DE LUZ INCANDESCENTES, ACCE	PUERTA PRINCIPAL DE MADERA DE CEDRO ACABADA EN BARNIS NATURAL Y PUERTAS INTERIORES ENTAMBORADAS DE TRIPLAY DE PINO ACABADAS EN BARNIZ NATURAL	VENTANAS DE ALUMINIO NATURAL EN PAÑOS FIJOS Y CORREDIZOS Y PUERTA DE PATIO DE SERVICIO, DE HERRERÍA TROPICAL CON ANTE PECHO DE LAMINA ESTRIADA CALIBRE	111.68	0	111.68	0	182.56	0	182.56	182.56	189.133.110.37	dsl-189-133-110-37-dyn.prod-infinitum.com.mx	0	1970-01-01	41	2014-11-28
492	491	croquis-491.jpg	fachada-491.jpg		10	LAS ESTABLECIDAS EN EL REGLAMENTO DE CONSTRUCCION DEL MUNICIPIO DE CENTRO, TABASCO.	SE TRATA DE UN PREDIO RUSTICO, DE FORMA TOPOGRÁFICA REGULAR, DE CUATRO VÉRTICES Y DE TERRENO CON PENDIENTE DESCENDENTE; EN EL CUAL SE LOCALIZAN DOS CONSTRUCCIONES, DESTINADAS AL USO HABITACIONAL Y SE DISTRIBUYEN DE LA SIGUIENTE MANERA: CASA NO. 1, .- UBICADA AL MARGEN DEL CAMINO:- SALA-COMEDOR, UNA RECAMARA Y UN BAÑO DE USO COMÚN; CASA NO. 2.- PÓRTICO, SALA-COMEDOR, DOS RECAMARAS Y UN BAÑO DE USO COMÚN.	1	1							5	10	1	7	6	8				1	1	0				1	1	0				20	0	0				54	0	0				1	0	0				0	0	0				0	0	0				0	0	0	INSTALACIONES OCULTAS CON TUBERIA DE COBRE EN ALIMENTACIONES; SANITARIAS OCULTAS CON TUBERIA DE PVC	INSTALACION OCULTA POR MUROS Y VISIBLE POR TECHO CON SALIDAS NORMALES	PUERTA INTERIORES EN TAMBORADAS DE TRIPLAY ACABADAS EN EN PINTURA VINILICA	PUERTA DE ACCESO PRINCIPAL Y POSTERIOR DE HERRERÍA,  VENTANAS HERRERÍA FIJA DE PERSIANAS DEL MISMO MATERIAL.	4750	0	4750	0	108.5	0	4750	4750	189.133.116.175	dsl-189-133-116-175-dyn.prod-infinitum.com.mx	0	1970-01-01	41	2014-12-12
494	493	croquis-493.jpg	fachada-493.jpg		10	LAS ESTABLECIDAS POR EL REGLAMENTO DE CONSTRUCCION, VIGENTES PARA EL MUNICIPIO DE MACUSPANA; TABASCO. 	SE TRATA DE UN PREDIO RUSTICO, DE FORMA TOPOGRAFICA, IRREGULAR, DE VARIOS VERTICES, DESTINADO AL USO DE LA CRIANZA DE GANADO VACUNO, CULTIVADO EN SU TOTALIDAD PARA TAL ACTIVIDAD Y SIN CONSTRUCCION ALGUNA EN SU INTERIOR  	1	1							24	28	30	8	45	9				53	15	22				53	15	22				53	15	22				53	15	22				53	15	22				53	15	22				53	15	22				53	15	22	NO APLICA	NO APLICA	NO APLICA	NO APLICA	2000000	0	2000000	0	0	0	2000000	2000000	189.133.106.155	dsl-189-133-106-155-dyn.prod-infinitum.com.mx	0	1970-01-01	41	2014-12-19
502	501	croquis-501.jpg	fachada-501.jpg		1	SERVIDUMBRE NO EXISTEN Y LAS RESTRICCIONES, SON AQUELLAS ESTABLECIDAS POR EL REGLAMENTO DE CONSTRUCCIÓN VIGENTE EN EL MUNICIPIO; DE CENTRO.  	SE TRATA DE UN PREDIO URBANO DE FORMA TOPOGRAFICA REGULAR Y DE TERRENO, PLANO HORIZONTAL, DE CUATRO VERTICES EN EL CUAL SE LOCALIZA UN EDIFICIO EN CONDOMINIO VERTIVAL, DE CUATRO NIVELES (P.B; 1° NIVEL, 2° NIVEL Y 3° NIVEL EN PROYECTO); LOS CUALES SE DISTRIBUYEN DE LA SIGUENTE MANERA: P.B.- UN LOCAL COMERCIAL, 4 CAJONES DE ESTACIONAMIENTO, UN BAÑO PARA VISITAS Y ESCALERAS DE SERVICIO A LOS SIGUIENTES NIVELES; Y EN EL 1°, 2° Y 3° NIVEL SE LOCALIZA UN DEPARTAMENTO TIPO POR CADA NIVEL, Y ESTE SE DISTRIBUIYE DE LA SIGUIENTE MANERA.- VESTIBULO, SALA, 1/2 BAÑO, COMEDOR, COCINA, PATIO DE SERVICIO, CUBO DE LUZ, TRES RECAMARAS CADA UNA CON BAÑO INTEGRADO, SALA DE T.V; Y BALCON AL FRENTE.     	4	5							6	3	1	2	1	3				25	5	5				25	5	5				28	14	5				21	5	5				25	14	5				25	5	5				1	1	5				53	5	22	INSTALACIONES OCULTAS CON TUBERIA DE COBRE EN ALIMENTACIONES; SANITARIAS OCULTAS CON TUBERIA DE PVC	OCULTA POR MURO Y TECHO CON SALIDAS NORMALES	PUERTA PRINCIPAL DE MADERA DE CEDRO ACABADA EN BARNIS NATURAL Y PUERTAS INTERIORES ENTAMBORADAS DE TRIPLAY DE PINO ACABADAS EN BARNIZ NATURAL	VENTANAS DE ALUMINIO DURANODICK EN PAÑOS FIJOS Y CORREDIZOS PORTON DE COCHERA DE HERRERIA FORJADA Y PASAMANOS DE ESCALERA, EN LOCAL COMERCIAL CON CORT	277.2	100	277.2	0	756.77	0	277.2	756.77	189.133.83.237	dsl-189-133-83-237-dyn.prod-infinitum.com.mx	0	1970-01-01	41	2014-12-18